id,company_id,year,net_profit_margin_pct,operating_profit_margin_pct,return_on_equity_pct,debt_to_equity,interest_coverage,asset_turnover,free_cash_flow_cr,capex_cr,earnings_per_share,book_value_per_share,dividend_payout_ratio_pct,total_debt_cr,cash_from_operations_cr
1,ABB,Dec 2012,8.77,12,22.41,0,,1.8225,42,59,68,3.081,25,0,101
2,ABB,Mar 2014,8.7,12,25.13,0,,1.9982,11,144,93,3.7524,25,0,155
3,ABB,Mar 2014,8.7,12,25.13,0,,1.9982,0,0,93,3.7524,25,0,0
4,ABB,Mar 2015,10,14,24.44,0,,1.6659,28,187,108,4.4619,29,0,215
5,ABB,Mar 2015,10,14,24.44,0,,1.6659,-1899,1864,108,4.4619,29,0,-35
6,ABB,Mar 2016,9.76,14,21.34,0,138.3333,1.6176,172,77,120,5.6905,29,0,249
7,ABB,Mar 2016,9.76,14,21.34,0,138.3333,1.6176,728,816,120,5.6905,29,0,1544
8,ABB,Mar 2017,9.54,14,19.97,0,227.5,1.4051,152,155,130,6.6048,31,0,307
9,ABB,Mar 2017,9.54,14,19.97,0,227.5,1.4051,459,1730,130,6.6048,31,0,2189
10,ABB,Mar 2018,12.16,16,23.69,0,160.5,1.3651,-62,215,189,8.0619,29,0,153
11,ABB,Mar 2018,12.16,16,23.69,0,160.5,1.3651,-994,3192,189,8.0619,29,0,2198
12,ABB,Mar 2019,12.23,16,22.41,0,359,1.2509,242,257,212,9.5619,31,0,499
13,ABB,Mar 2019,12.23,16,22.41,0,359,1.2509,-459,3050,212,9.5619,31,0,2591
14,ABB,Mar 2020,14.49,18,24.39,0.072,96.7778,1.1539,225,401,279,11.5762,90,175,626
15,ABB,Mar 2020,14.49,18,24.39,0.072,96.7778,1.1539,-206,5643,279,11.5762,90,175,5437
16,ABB,Mar 2021,16.03,21,26.56,0.0588,55.7222,1.1224,655,72,325,12.3905,85,153,727
17,ABB,Mar 2021,16.03,21,26.56,0.0588,55.7222,1.1224,-225,4009,325,12.3905,85,153,3784
18,ABB,Mar 2022,16.26,22,28.33,0.0539,61.3158,1.1631,552,396,376,13.4286,73,152,948
19,ABB,Mar 2022,16.26,22,28.33,0.0539,61.3158,1.1631,161,3936,376,13.4286,73,152,4097
20,ABB,Mar 2023,17.74,23,29.77,0.0354,85,1.1741,745,148,447,15.181,73,113,893
21,ABB,Mar 2023,17.74,23,29.77,0.0354,85,1.1741,-922,4699,447,15.181,73,113,3777
22,ABB,Mar 2024,20.53,25,32.47,0.0224,141.75,1.1263,797,416,565,17.6143,73,83,1213
23,ABB,Mar 2024,20.53,25,32.47,0.0224,141.75,1.1263,1095,4943,565,17.6143,73,83,6038
24,ADANIENSOL,Mar 2014,,,0,0,,,0,0,0,0.1,,0,0
25,ADANIENSOL,Mar 2015,-5.34,78,-0.65,8.9575,1.4247,0.0114,-1899,1864,0,0.0994,0,9701,-35
26,ADANIENSOL,Mar 2016,16.77,88,13.77,3.2129,2.0867,0.1868,728,816,3,0.2429,0,8585,1544
27,ADANIENSOL,Mar 2017,14.46,69,14.12,3.0455,2.2179,0.2245,459,1730,4,0.2679,0,8975,2189
28,ADANIENSOL,Mar 2018,28.98,72,18.87,1.7216,3.3149,0.2284,-994,3192,10,0.5506,0,10428,2198
29,ADANIENSOL,Mar 2019,7.65,38,6.95,2.5037,2.2387,0.2244,-459,3050,5,0.7312,0,20137,2591
30,ADANIENSOL,Mar 2020,6.18,37,8.31,2.8528,2.0192,0.2875,-206,5643,7,0.7726,0,24246,5437
31,ADANIENSOL,Mar 2021,13,40,14.46,3.0379,2.3925,0.2296,-225,4009,11,0.8108,0,27095,3784
32,ADANIENSOL,Mar 2022,10.98,37,12.47,3.0164,2.3222,0.2372,161,3936,11,0.9012,0,29902,4097
33,ADANIENSOL,Mar 2023,9.64,34,10.9,2.9168,2.1938,0.2465,-922,4699,11,1.0537,0,34270,3777
34,ADANIENSOL,Mar 2024,7.2,30,9.46,2.9325,2.2848,0.2837,1095,4943,10,1.1337,0,37070,6038
35,ADANIENT,Mar 2013,2.63,13,5.69,3.2404,2.2325,0.4145,-7124,14790,15,19.4509,10,69332,7666
36,ADANIENT,Mar 2014,4.82,17,11.14,3.0298,1.8482,0.4653,221,8007,20,21.5973,7,71980,8228
37,ADANIENT,Mar 2015,3.56,19,8.93,3.2483,1.8767,0.4932,-2933,11465,18,23.3891,8,83571,8532
38,ADANIENT,Mar 2016,2.94,5,7.47,1.4329,2.0103,0.816,3287,1825,9,12.1618,4,19169,5112
39,ADANIENT,Mar 2017,2.53,5,6.54,1.4747,2.109,0.7673,-686,1460,9,12.8509,4,20846,774
40,ADANIENT,Mar 2018,1.65,6,3.94,1.1689,1.9208,0.6369,-4707,7649,7,13.7173,6,17637,2942
41,ADANIENT,Mar 2019,1.25,5,3.43,0.7619,1.5218,0.9493,5723,2487,7,13.4145,6,11243,3236
42,ADANIENT,Mar 2020,2.4,5,6.14,0.7328,2.014,0.9259,1372,1082,10,15.4064,10,12419,2454
43,ADANIENT,Mar 2021,2.65,6,6.1,0.9457,2.1786,0.766,-4568,8611,8,15.5991,12,16227,4043
44,ADANIENT,Mar 2022,1.14,5,3.54,1.8693,1.8709,0.6834,-15656,17041,7,20.2336,14,41604,1385
45,ADANIENT,Mar 2023,1.9,7,7.33,1.6096,2.4318,0.9028,2167,15459,22,28.9921,6,53200,17626
46,ADANIENT,Mar 2024,3.46,12,8.53,1.6714,2.7493,0.6004,-8455,18767,28,34.2772,5,65310,10312
47,ADANIGREEN,Mar 2017,-9.36,80,-3.91,3.6135,1.4461,0.0815,-1483,1511,0,0.0944,0,4347,28
48,ADANIGREEN,Mar 2018,-9.32,57,-10.29,7.3557,1.6033,0.0942,-3779,4428,-1,0.0857,0,9864,649
49,ADANIGREEN,Mar 2019,-23.08,74,-24.57,5.7641,1.4264,0.1404,-1041,2666,-3,0.1236,0,11142,1625
50,ADANIGREEN,Mar 2020,-2.67,57,-2.89,6.3072,1.3457,0.1384,-1778,3743,0,0.1507,0,14866,1965
51,ADANIGREEN,Mar 2021,5.83,72,8.27,11.0041,1.3477,0.1089,-7536,9137,1,0.1407,0,24209,1601
52,ADANIGREEN,Mar 2022,9.53,68,18.71,20.2112,1.5357,0.0871,-15603,18730,3,0.1671,0,52832,3127
53,ADANIGREEN,Mar 2023,12.51,64,13.32,7.4237,1.9364,0.1162,3408,3857,6,0.4611,0,54223,7265
54,ADANIGREEN,Mar 2024,13.67,79,12.81,6.5953,1.7139,0.1047,-13347,21060,7,0.6208,0,64858,7713
55,ADANIPORTS,Mar 2013,45.82,67,25.63,1.8173,5.0295,0.17,-3757,5136,8,1.5945,12,11620,1379
56,ADANIPORTS,Mar 2014,36.05,60,19.86,1.4808,3.6888,0.1957,-1378,2510,8,2.1171,12,12979,1132
57,ADANIPORTS,Mar 2015,37.78,63,21.59,1.6513,3.9047,0.1918,572,2485,11,2.6002,10,17776,3057
58,ADANIPORTS,Mar 2016,40.17,64,21.15,1.6544,4.7215,0.1852,-1772,4153,14,3.2621,8,22342,2381
59,ADANIPORTS,Mar 2017,46.24,64,22.26,1.2675,5.7841,0.1946,1434,2629,19,4.2333,7,22214,4063
60,ADANIPORTS,Mar 2018,32.59,63,17.65,1.0702,5.0671,0.2397,1762,3846,18,5.049,11,22370,5608
61,ADANIPORTS,Mar 2019,37.03,60,16.6,1.137,5.6931,0.194,1661,4368,19,5.887,1,27712,6029
62,ADANIPORTS,Mar 2020,31.88,50,14.87,1.188,4.0364,0.1918,6653,749,19,6.2702,17,30242,7402
63,ADANIPORTS,Mar 2021,40.23,69,16.59,1.1779,4.7251,0.1683,-6508,14064,25,7.4978,20,35855,7556
64,ADANIPORTS,Mar 2022,28.93,56,11.84,1.1462,4.4654,0.1741,4927,5493,23,9.9102,22,47935,10420
65,ADANIPORTS,Mar 2023,25.85,52,11.88,1.1772,4.7711,0.1852,-4816,16716,25,10.5067,20,53434,11900
66,ADANIPORTS,Mar 2024,30.34,58,15.35,0.9373,5.9495,0.2283,8250,6768,38,12.2171,16,49470,15018
67,ADANIPORTS,Mar 2013,45.82,67,25.63,1.8173,5.0295,0.17,-3757,5136,8,1.5945,12,11620,1379
68,ADANIPORTS,Mar 2014,36.05,60,19.86,1.4808,3.6888,0.1957,-1378,2510,8,2.1171,12,12979,1132
69,ADANIPORTS,Mar 2015,37.78,63,21.59,1.6513,3.9047,0.1918,572,2485,11,2.6002,10,17776,3057
70,ADANIPORTS,Mar 2016,40.17,64,21.15,1.6544,4.7215,0.1852,-1772,4153,14,3.2621,8,22342,2381
71,ADANIPORTS,Mar 2017,46.24,64,22.26,1.2675,5.7841,0.1946,1434,2629,19,4.2333,7,22214,4063
72,ADANIPORTS,Mar 2018,32.59,63,17.65,1.0702,5.0671,0.2397,1762,3846,18,5.049,11,22370,5608
73,ADANIPORTS,Mar 2019,37.03,60,16.6,1.137,5.6931,0.194,1661,4368,19,5.887,1,27712,6029
74,ADANIPORTS,Mar 2020,31.88,50,14.87,1.188,4.0364,0.1918,6653,749,19,6.2702,17,30242,7402
75,ADANIPORTS,Mar 2021,40.23,69,16.59,1.1779,4.7251,0.1683,-6508,14064,25,7.4978,20,35855,7556
76,ADANIPORTS,Mar 2022,28.93,56,11.84,1.1462,4.4654,0.1741,4927,5493,23,9.9102,22,47935,10420
77,ADANIPORTS,Mar 2023,25.85,52,11.88,1.1772,4.7711,0.1852,-4816,16716,25,10.5067,20,53434,11900
78,ADANIPORTS,Mar 2024,30.34,58,15.35,0.9373,5.9495,0.2283,8250,6768,38,12.2171,16,49470,15018
79,ADANIPOWER,Mar 2013,-34.29,14,-53.46,9.7356,0.69,0.1224,-1063,4064,-10,0.1794,0,41795,3001
80,ADANIPOWER,Mar 2014,-1.9,30,-4.45,6.7477,1.1365,0.261,-1462,4700,-1,0.2278,0,44150,3238
81,ADANIPOWER,Mar 2015,-4.37,25,-14.25,7.8152,1.206,0.3195,1087,4737,-3,0.1993,0,44742,5824
82,ADANIPOWER,Mar 2016,2.17,35,7.38,7.0607,1.5469,0.3348,2565,2692,2,0.224,0,52729,5257
83,ADANIPOWER,Mar 2017,-27.3,26,-205.8,17.4947,0.3921,0.3163,3513,1212,-16,0.0778,0,52484,4725
84,ADANIPOWER,Mar 2018,-10.36,27,-236.56,59.4319,1.1113,0.292,4581,520,-5,0.023,0,52835,5101
85,ADANIPOWER,Mar 2019,-4.12,21,-12.76,6.0918,1.3136,0.3513,4626,984,-3,0.1999,0,46980,5610
86,ADANIPOWER,Mar 2020,-8.6,22,-35.1,8.517,1.1396,0.3528,3294,2304,-6,0.168,0,55199,5598
87,ADANIPOWER,Mar 2021,4.84,33,9.69,4.0051,2.0754,0.3327,4826,2188,3,0.34,0,52519,7014
88,ADANIPOWER,Mar 2022,17.73,36,26.61,2.6627,3.3673,0.338,11007,774,13,0.4785,0,49145,10233
89,ADANIPOWER,Mar 2023,27.67,26,35.91,1.4175,4.2927,0.4518,9976,1545,28,0.7746,0,42350,8431
90,ADANIPOWER,Mar 2024,41.37,36,48.28,0.8023,8.2972,0.5472,17651,3481,54,1.1186,0,34616,14170
91,AMBUJACEM,Dec 2012,13.25,25,14.69,0.0068,32.5897,0.7897,1472,388,8,2.8562,43,60,1860
92,AMBUJACEM,Dec 2013,13.95,18,13.51,0.0051,30.7313,0.7071,771,496,8,3.0621,44,48,1267
93,AMBUJACEM,Dec 2014,14.94,19,14.77,0.0034,35.6515,0.7173,1219,456,10,3.2484,46,34,1675
94,AMBUJACEM,Dec 2015,8.56,16,7.87,0.0034,20.5978,0.6677,1474,83,5,3.3132,54,35,1557
95,AMBUJACEM,Dec 2016,7.14,16,7.23,0.0015,23.6732,0.6122,-1355,4165,6,4.9927,50,29,2810
96,AMBUJACEM,Dec 2017,8.24,16,9.41,0.0012,20.3544,0.6649,2678,738,8,5.2071,47,24,3416
97,AMBUJACEM,Dec 2018,11.42,15,13.29,0.0018,24.9588,0.6965,938,765,11,5.6348,14,40,1703
98,AMBUJACEM,Dec 2019,10.27,17,11.56,0.0017,30.5765,0.6746,3548,1191,11,6.065,14,41,4739
99,AMBUJACEM,Dec 2020,12.67,20,13.65,0.0207,37.8143,0.6173,3515,1317,12,5.7322,151,471,4832
100,AMBUJACEM,Dec 2021,12.81,21,14.64,0.0188,44.2603,0.6407,3302,2007,14,6.3864,45,477,5309
101,AMBUJACEM,Mar 2024,14.29,19,11.43,0.0169,28.2645,0.5081,-3295,8941,16,9.4218,12,699,5646
102,APOLLOHOSP,Mar 2013,8.04,16,11.03,0.4416,6.2621,0.7829,-290,733,22,3.9243,25,1213,443
103,APOLLOHOSP,Mar 2014,7.23,16,10.58,0.4515,5.8319,0.8144,17,356,23,4.2529,25,1344,373
104,APOLLOHOSP,Mar 2015,6.53,14,10.56,0.628,6.6441,0.7941,-289,759,24,4.5314,24,1992,470
105,APOLLOHOSP,Mar 2016,3.82,11,7.05,0.8505,4.3111,0.8356,-291,888,17,4.76,35,2834,597
106,APOLLOHOSP,Mar 2017,1.81,10,3.95,0.943,3.0895,0.8955,-529,1152,16,4.7343,38,3125,623
107,APOLLOHOSP,Mar 2018,0.73,10,1.85,1.0538,2.7966,0.9589,132,405,8,4.6457,59,3427,537
108,APOLLOHOSP,Mar 2019,2.08,11,6,1.1017,3.3517,1.0492,194,711,17,4.7629,35,3673,905
109,APOLLOHOSP,Mar 2020,3.84,14,12.93,1.0766,3.4015,0.9963,1004,289,33,4.7714,18,3596,1293
110,APOLLOHOSP,Mar 2021,1.3,11,2.98,0.9038,2.7684,0.927,385,880,10,6.3931,29,4160,1265
111,APOLLOHOSP,Mar 2022,7.56,15,19.7,0.7235,6.7467,1.1057,949,747,73,7.8097,16,4068,1696
112,APOLLOHOSP,Mar 2023,5.08,12,13.62,0.6989,5.6168,1.1523,520,857,57,8.6083,26,4332,1377
113,APOLLOHOSP,Mar 2024,4.91,13,13.48,0.7689,5.5657,1.1384,383,1537,63,9.6333,26,5333,1920
114,ASIANPAINT,Mar 2013,11.04,17,34.28,0.0742,44.0714,1.5483,724,463,12,3.525,40,251,1187
115,ASIANPAINT,Mar 2013,11.04,17,34.28,0.0742,44.0714,1.5483,724,463,12,3.525,40,251,1187
116,ASIANPAINT,Mar 2014,10.34,16,31.27,0.0616,44.3333,1.5133,816,586,13,4.2073,42,249,1402
117,ASIANPAINT,Mar 2014,10.34,16,31.27,0.0616,44.3333,1.5133,816,586,13,4.2073,42,249,1402
118,ASIANPAINT,Mar 2015,10.48,16,30.09,0.0881,56.7857,1.5274,723,465,15,4.9396,42,418,1188
119,ASIANPAINT,Mar 2015,10.48,16,30.09,0.0881,56.7857,1.5274,723,465,15,4.9396,42,418,1188
120,ASIANPAINT,Mar 2016,12.63,19,27.63,0.0495,59.9592,1.3515,1377,866,18,6.7969,41,323,2243
121,ASIANPAINT,Mar 2016,12.63,19,27.63,0.0495,59.9592,1.3515,1377,866,18,6.7969,41,323,2243
122,ASIANPAINT,Mar 2017,13.38,20,26.51,0.0736,90.0541,1.2142,846,681,20,7.9208,51,560,1527
123,ASIANPAINT,Mar 2017,13.38,20,26.51,0.0736,90.0541,1.2142,846,681,20,7.9208,51,560,1527
124,ASIANPAINT,Mar 2018,12.47,19,24.95,0.0634,86.3415,1.2225,557,1556,21,8.7604,41,533,2113
125,ASIANPAINT,Mar 2018,12.47,19,24.95,0.0634,86.3415,1.2225,557,1556,21,8.7604,41,533,2113
126,ASIANPAINT,Mar 2019,11.48,20,23.31,0.1394,36.7182,1.1841,1552,918,22,9.8656,47,1320,2470
127,ASIANPAINT,Mar 2019,11.48,20,23.31,0.1394,36.7182,1.1841,1552,918,22,9.8656,47,1320,2470
128,ASIANPAINT,Mar 2020,13.73,21,27.38,0.1104,44.2353,1.2524,2520,518,28,10.5521,43,1118,3038
129,ASIANPAINT,Mar 2020,13.73,21,27.38,0.1104,44.2353,1.2524,2520,518,28,10.5521,43,1118,3038
130,ASIANPAINT,Mar 2021,14.77,22,25.04,0.0854,56.3913,1.0667,3142,541,33,13.3396,55,1093,3683
131,ASIANPAINT,Mar 2021,14.77,22,25.04,0.0854,56.3913,1.0667,3142,541,33,13.3396,55,1093,3683
132,ASIANPAINT,Mar 2022,10.6,17,22.34,0.1149,53.6842,1.2676,669,317,32,14.3875,61,1587,986
133,ASIANPAINT,Mar 2022,10.6,17,22.34,0.1149,53.6842,1.2676,669,317,32,14.3875,61,1587,986
134,ASIANPAINT,Mar 2023,12.16,18,26.23,0.1209,46.4653,1.3379,2911,1282,43,16.6583,60,1933,4193
135,ASIANPAINT,Mar 2023,12.16,18,26.23,0.1209,46.4653,1.3379,2911,1282,43,16.6583,60,1933,4193
136,ASIANPAINT,Mar 2024,15.66,21,29.68,0.1321,41.0049,1.1871,3556,2548,57,19.5083,58,2474,6104
137,ASIANPAINT,Mar 2024,15.66,21,29.68,0.1321,41.0049,1.1871,3556,2548,57,19.5083,58,2474,6104
138,BAJAJ-AUTO,Mar 2013,15.65,18,38.85,0.0144,4446,1.584,824,1394,108,2.7907,42,116,2218
139,BAJAJ-AUTO,Mar 2013,15.65,18,38.85,0.0144,4446,1.584,824,1394,108,2.7907,42,116,2218
140,BAJAJ-AUTO,Mar 2014,16.79,21,33.24,0.0058,4837,1.3155,1430,2072,117,3.518,43,59,3502
141,BAJAJ-AUTO,Mar 2014,16.79,21,33.24,0.0058,4837,1.3155,1430,2072,117,3.518,43,59,3502
142,BAJAJ-AUTO,Mar 2015,14.01,19,27.27,0.0101,726,1.3526,1734,380,105,3.8391,48,112,2114
143,BAJAJ-AUTO,Mar 2015,14.01,19,27.27,0.0101,726,1.3526,1734,380,105,3.8391,48,112,2114
144,BAJAJ-AUTO,Mar 2016,17.99,21,28.97,0.0084,5987,1.3094,3622,68,140,4.8512,39,118,3690
145,BAJAJ-AUTO,Mar 2016,17.99,21,28.97,0.0084,5987,1.3094,3622,68,140,4.8512,39,118,3690
146,BAJAJ-AUTO,Mar 2017,18.75,20,22.84,0.0067,5897,1.0054,-343,3610,141,6.1785,39,120,3267
147,BAJAJ-AUTO,Mar 2017,18.75,20,22.84,0.0067,5897,1.0054,-343,3610,141,6.1785,39,120,3267
148,BAJAJ-AUTO,Mar 2018,16.74,19,20.66,0.0059,6250,1.0027,2374,1954,146,7.0675,41,121,4328
149,BAJAJ-AUTO,Mar 2018,16.74,19,20.66,0.0059,6250,1.0027,2374,1954,146,7.0675,41,121,4328
150,BAJAJ-AUTO,Mar 2019,16.23,17,21.21,0.0054,1806.5,1.0529,2214,273,170,8.0391,35,125,2487
151,BAJAJ-AUTO,Mar 2019,16.23,17,21.21,0.0054,1806.5,1.0529,2214,273,170,8.0391,35,125,2487
152,BAJAJ-AUTO,Mar 2020,17.42,17,24.06,0.0058,2313.6667,1.1286,5616,1766,180,7.4955,67,126,3850
153,BAJAJ-AUTO,Mar 2020,17.42,17,24.06,0.0058,2313.6667,1.1286,5616,1766,180,7.4955,67,126,3850
154,BAJAJ-AUTO,Mar 2021,17.51,18,17.81,0.0044,929.7143,0.8256,251,2869,168,9.437,83,121,3120
155,BAJAJ-AUTO,Mar 2021,17.51,18,17.81,0.0044,929.7143,0.8256,251,2869,168,9.437,83,121,3120
156,BAJAJ-AUTO,Mar 2022,18.6,16,20.65,0.0041,881.1111,0.944,4473,276,213,10.3318,66,123,4197
157,BAJAJ-AUTO,Mar 2022,18.6,16,20.65,0.0041,881.1111,0.944,4473,276,213,10.3318,66,123,4197
158,BAJAJ-AUTO,Mar 2023,16.62,18,20.64,0.0042,204.2,1.0375,6488,1211,214,10.3753,65,124,5277
159,BAJAJ-AUTO,Mar 2023,16.62,18,20.64,0.0042,204.2,1.0375,6488,1211,214,10.3753,65,124,5277
160,BAJAJ-AUTO,Mar 2024,17.18,20,26.61,0.066,174.4167,1.1405,6486,72,276,10.3806,29,1912,6558
161,BAJAJ-AUTO,Mar 2024,17.18,20,26.61,0.066,174.4167,1.1405,6486,72,276,10.3806,29,1912,6558
162,AXISBANK,Mar 2013,19.05,1353,15.62,8.9346,1.2697,0.0798,-8366,10939,22,7.085,16,296254,2573
163,AXISBANK,Mar 2014,20.29,2307,16.19,8.6801,1.3034,0.0793,298,14166,26,8.1694,15,333280,14464
164,AXISBANK,Mar 2015,20.74,3097,16.37,9.0467,1.3313,0.0759,-23134,7972,31,9.4829,15,406638,-15162
165,AXISBANK,Mar 2016,20.06,3466,15.36,8.8155,1.4273,0.075,-25284,9211,35,11.2283,14,472150,-34495
166,AXISBANK,Mar 2017,8.26,-5715,6.53,9.355,2.0353,0.0728,19751,12458,15,11.7704,33,527437,32209
167,AXISBANK,Mar 2018,0.6,-10277,0.43,9.5227,2.6327,0.0651,-48397,10007,1,12.516,0,611425,-38390
168,AXISBANK,Mar 2019,8.51,-5447,6.9,10.5011,2.0674,0.0675,18451,18674,18,13.1911,6,711996,37125
169,AXISBANK,Mar 2020,2.6,-9859,1.88,9.2349,2.2559,0.0675,20931,9485,6,15.3085,0,797337,30416
170,AXISBANK,Mar 2021,10.4,-2510,6.36,8.2104,2.5885,0.0633,-41655,54288,22,16.8995,0,850551,12633
171,AXISBANK,Mar 2022,19.33,3170,11.01,8.633,1.9688,0.0563,1025,27112,42,19.2607,2,1020943,28137
172,AXISBANK,Mar 2023,11.25,13857,7.38,8.8768,1.8029,0.0633,-10276,32351,31,21.1026,3,1152038,22075
173,AXISBANK,Mar 2024,22.73,11952,15.83,8.2491,1.6912,0.072,-14556,9001,81,25.4494,1,1295302,-5555
174,BAJAJFINSV,Mar 2013,27.49,49,28.38,1.6651,3.2666,0.1232,-3969,2953,10,9.7525,2,12991,-6922
175,BAJAJFINSV,Mar 2014,36.38,75,23.53,2.0948,2.8771,0.081,-6043,3764,10,11.64,2,19507,-9807
176,BAJAJFINSV,Mar 2015,21.25,49,21.72,2.3728,2.4749,0.1285,-7022,3709,11,13.8613,2,26312,-10731
177,BAJAJFINSV,Mar 2016,13.51,33,20.41,2.6518,2.3424,0.1975,-10681,886,12,16.9988,1,36062,-9795
178,BAJAJFINSV,Mar 2017,14.08,36,21.36,2.9894,2.3447,0.1905,-10771,151,14,20.1887,1,48282,-10922
179,BAJAJFINSV,Mar 2018,12.71,33,20.39,3.2073,2.3812,0.2035,-20502,922,17,25.6038,1,65695,-19580
180,BAJAJFINSV,Mar 2019,12.61,35,22.64,4.2019,2.2591,0.2044,-33979,6903,20,29.675,1,99754,-27076
181,BAJAJFINSV,Mar 2020,11.03,34,19.15,4.064,1.9219,0.2163,-33317,9948,21,39.1275,2,127212,-23369
182,BAJAJFINSV,Mar 2021,12.16,32,20.56,3.5853,2.1171,0.2165,863,3684,28,44.7875,1,128461,4547
183,BAJAJFINSV,Mar 2022,12.15,31,20.66,4.0047,2.229,0.2052,-32225,1445,29,50.3088,1,161179,-33670
184,BAJAJFINSV,Mar 2023,14.88,36,26.31,4.574,2.4127,0.2024,-53425,13945,40,29.1868,2,212265,-39480
185,BAJAJFINSV,Mar 2024,14.13,37,25.85,4.7894,2.1971,0.2054,-79634,10960,51,37.9421,2,288933,-68674
186,BAJAJHLDNG,Mar 2013,550.74,95,17.94,0,,0.0313,104,369,167,9.3198,15,0,473
187,BAJAJHLDNG,Mar 2014,469.98,94,16.57,0,,0.034,353,519,179,10.8099,17,0,872
188,BAJAJHLDNG,Mar 2015,387.21,92,15.15,0,,0.0377,332,464,182,12.0658,19,0,796
189,BAJAJHLDNG,Mar 2016,481.91,91,14.81,0,,0.0304,2166,1019,204,13.7775,16,0,1147
190,BAJAJHLDNG,Mar 2017,293.71,75,13.88,0,,0.0471,-1295,372,222,16.0523,15,0,-923
191,BAJAJHLDNG,Mar 2018,632.14,85,10.54,0,,0.0166,508,1123,239,22.7036,17,0,1631
192,BAJAJHLDNG,Mar 2019,707.19,80,11.31,0,,0.016,465,163,274,24.2811,12,0,628
193,BAJAJHLDNG,Mar 2020,708.05,69,11.09,0.0061,258.3846,0.0133,1120,800,269,25.0117,15,168,1920
194,BAJAJHLDNG,Mar 2021,799.56,77,9.83,0.0037,950.75,0.01,-36,308,328,33.4838,12,136,272
195,BAJAJHLDNG,Mar 2022,852.48,76,9.63,0.0027,1421,0.009,1459,151,364,38.5964,32,114,1610
196,BAJAJHLDNG,Mar 2023,947.51,73,11.19,0.0021,721.8571,0.0098,1591,137,436,39.8036,28,93,1728
197,BAJAJHLDNG,Mar 2024,432.73,92,13.58,0.0012,3764.5,0.0261,1469,472,653,48.8712,20,63,1941
198,BAJFINANCE,Mar 2015,16.65,1367,18.71,5.5531,68.3462,0.1645,-7424,360,18,9.6,10,26655,-7064
199,BAJFINANCE,Mar 2016,17.52,1986,17.22,4.9852,68.0286,0.1554,-10557,687,24,13.7537,10,37025,-9870
200,BAJFINANCE,Mar 2017,18.42,2867,19.13,5.1302,149.0455,0.1564,-13486,3047,33,8.8073,11,49250,-10439
201,BAJFINANCE,Mar 2018,19.58,3935,15.75,4.1997,414.6,0.1503,-19491,1075,43,13.7809,9,66557,-20566
202,BAJFINANCE,Mar 2019,21.61,6310,20.28,5.1575,422.1538,0.1488,-34441,5379,69,17.1278,9,101588,-29062
203,BAJFINANCE,Mar 2020,19.96,7608,16.28,4.0153,1020.8889,0.1604,-33170,8758,87,26.94,11,129806,-24412
204,BAJFINANCE,Mar 2021,16.57,6314,11.97,3.5656,3621,0.1556,-1236,429,73,30.765,14,131634,-807
205,BAJFINANCE,Mar 2022,22.21,9906,16.08,3.7799,-700.6471,0.1489,-30743,6347,116,36.1264,17,165232,-37090
206,BAJFINANCE,Mar 2023,27.79,16018,21.17,3.9853,-2546.4,0.1505,-52506,10394,190,44.9355,16,216690,-42112
207,BAJFINANCE,Mar 2024,26.29,19987,18.84,3.8248,2689.1667,0.1463,-79931,7171,233,61.8516,15,293346,-72760
208,BANKBARODA,Mar 2013,13.25,1006,14.51,15.2993,2.4281,0.0651,22682,514,23,7.8681,19,509192,23196
209,BANKBARODA,Mar 2014,12.45,809,13.31,16.3018,2.1694,0.0598,41503,730,23,8.7812,19,616973,42233
210,BANKBARODA,Mar 2015,8.79,902,9.4,15.838,2.4716,0.0612,17282,556,18,9.4635,18,665483,17838
211,BANKBARODA,Mar 2016,-10.99,-11700,-11.84,14.5998,4.2331,0.0663,-14016,4005,-22,9.1998,0,620536,-10011
212,BANKBARODA,Mar 2017,4.17,-4372,4.31,15.0579,2.4241,0.0618,17314,551,8,9.3219,15,648499,17865
213,BANKBARODA,Mar 2018,-3.99,-9197,-3.94,14.4378,3.2624,0.0616,-60106,414,-7,8.786,0,672311,-59692
214,BANKBARODA,Mar 2019,2.2,-5414,2.12,13.3547,3.2718,0.0645,-3986,2537,4,10.3766,0,734456,-1449
215,BANKBARODA,Mar 2020,1.24,-11728,1.29,14.0463,3.3277,0.0657,18392,139,2,8.2275,0,1068981,18531
216,BANKBARODA,Mar 2021,2.18,-6957,1.97,12.9527,2.5915,0.0618,-1358,471,3,7.9527,0,1067173,-887
217,BANKBARODA,Mar 2022,10.81,-2948,8.64,12.9024,2.606,0.0548,2565,3645,15,8.8677,19,1185331,6210
218,BANKBARODA,Mar 2023,15.88,6329,14.28,12.7799,2.3495,0.0619,-22450,1096,29,10.1404,19,1342592,-21354
219,BANKBARODA,Mar 2024,15.94,4102,15.76,12.1437,1.8967,0.0715,-7559,1285,36,11.5553,21,1453761,-6274
220,BHARTIARTL,Mar 2013,2.95,30,4.5,1.3262,5.3372,0.4871,3932,18676,4,2.6499,17,66736,22608
221,BHARTIARTL,Mar 2014,3.52,31,5.05,1.2701,4.9997,0.4731,1052,25181,5,2.9893,26,75896,26233
222,BHARTIARTL,Mar 2015,5.25,35,12.69,2.0971,7.8374,0.5282,5758,22301,8,1.9898,33,83415,28059
223,BHARTIARTL,Mar 2016,7.14,35,10.32,1.5074,4.5451,0.43,13851,14091,11,3.3402,9,100646,27942
224,BHARTIARTL,Mar 2017,4.44,37,6.29,1.5905,3.8801,0.4109,-2400,30680,7,3.3745,11,107288,28280
225,BHARTIARTL,Mar 2018,2.64,36,3.14,1.6011,3.4136,0.3312,1914,27940,2,3.4785,194,111334,29854
226,BHARTIARTL,Mar 2019,2.09,32,2.36,1.7561,2.8467,0.2948,-8216,28286,1,3.5729,244,125428,20070
227,BHARTIARTL,Mar 2020,-35.03,42,-39.75,1.9214,-0.0833,0.2438,-11469,29598,-55,2.8279,-3,148228,18129
228,BHARTIARTL,Mar 2021,-12.29,45,-20.97,2.7613,2.7211,0.2921,20919,27286,-26,2.1469,0,162785,48205
229,BHARTIARTL,Mar 2022,7.13,49,12.48,2.5495,3.7428,0.3227,13539,41478,7,2.3812,39,169678,55017
230,BHARTIARTL,Mar 2023,8.83,51,15.84,2.914,3.7458,0.313,26093,39232,15,2.734,27,226020,65325
231,BHARTIARTL,Mar 2024,5.71,52,10.36,2.6095,3.3055,0.3393,27809,51089,13,2.8717,62,215592,78898
232,BEL,Mar 2013,14.52,11,15183.33,4,184.4286,139.4,214,1753,1,0.3,20,24,-1539
233,BEL,Mar 2014,14.61,14,13600,3,194.7143,141.6957,190,759,1,0.35,20,21,-569
234,BEL,Mar 2015,16.88,17,17100,3.7143,240.8571,144.7551,595,839,2,0.35,20,26,1434
235,BEL,Mar 2016,18.18,19,11141.67,2.0833,196.6,141.4231,790,1470,2,0.1333,31,25,2260
236,BEL,Mar 2017,17.59,21,10153.33,1.9333,122.8889,112.4156,3054,3115,2,0.1667,33,29,-61
237,BEL,Mar 2018,13.76,20,4616.13,1.5484,372.5,85.9587,-693,6,2,0.31,34,48,-687
238,BEL,Mar 2019,15.51,24,3851.02,0.9592,186.375,96.5397,618,896,3,0.4455,44,47,1514
239,BEL,Mar 2020,14.07,21,3318.18,0.8,357.25,106.2951,1921,649,3,0.5,37,44,2570
240,BEL,Mar 2021,14.88,23,3559.32,0.8305,333.9,92.8224,2498,2595,3,0.5364,46,49,5093
241,BEL,Mar 2022,15.62,22,3478.26,0.8406,397.3333,94.2822,-665,4872,3,0.6273,46,58,4207
242,BEL,Mar 2023,16.84,23,3981.33,0.52,230.0526,123.1528,3907,2708,4,0.6818,44,39,1199
243,BEL,Mar 2024,19.66,25,4744.05,0.5119,476.75,125.8882,-1265,5924,5,0.7636,40,43,4659
244,BHEL,Mar 2013,13.69,19,21.91,0.0883,82.9297,0.6809,646,1113,18,6.2345,20,2698,1759
245,BHEL,Mar 2014,8.85,12,10.56,0.1415,46.5865,0.5252,3644,868,10,6.7696,20,4693,4512
246,BHEL,Mar 2015,4.63,7,4.24,0.0552,36.5435,0.4413,1471,650,4,6.981,20,1889,821
247,BHEL,Mar 2016,-2.77,-5,-2.18,0.0065,0.375,0.3889,397,23,-2,6.5949,-14,211,374
248,BHEL,Mar 2017,1.6,4,1.4,0.0048,4.4746,0.4614,-5,565,1,6.61,85,156,560
249,BHEL,Mar 2018,1.52,6,1.35,0.0034,7.0667,0.4508,1950,961,1,4.4053,151,110,989
250,BHEL,Mar 2019,3.29,7,3.24,0.0841,7.127,0.472,-1941,1919,3,4.4402,69,2598,-3860
251,BHEL,Mar 2020,-6.84,-1,-5.12,0.1773,0.7455,0.356,-1015,1877,-4,4.1178,0,5080,-2892
252,BHEL,Mar 2021,-15.6,-18,-10.39,0.1905,-5.6874,0.3093,518,42,-8,3.7332,0,4951,560
253,BHEL,Mar 2022,2.1,4,1.68,0.1822,2.7522,0.3722,-458,1118,1,3.8083,31,4830,660
254,BHEL,Mar 2023,2.8,4,2.68,0.2237,2.5948,0.4052,739,1480,2,3.5026,21,5454,-741
255,BHEL,Mar 2024,1.18,3,1.15,0.3624,1.593,0.3996,-2382,1331,1,3.5112,31,8856,-3713
256,BOSCHLTD,Dec 2012,11.06,16,17.19,0.0413,286.5,1.0958,47,824,305,17.9774,20,230,871
257,BOSCHLTD,Dec 2013,10.11,15,14.06,0.0291,,0.9849,211,846,282,20.3032,20,183,1057
258,BOSCHLTD,Mar 2015,11.07,16,18.21,0.0151,179.8571,1.1587,213,1183,426,23.7,20,111,1396
259,BOSCHLTD,Mar 2016,15.78,19,16.06,0.0052,192.3846,0.7803,323,995,488,30.7581,17,50,1318
260,BOSCHLTD,Mar 2017,16.68,19,19.79,0,106.4815,0.8843,2703,1246,570,29.33,29,0,1457
261,BOSCHLTD,Mar 2018,11.73,18,13.74,0,837,0.8394,559,1170,449,33.27,22,0,1729
262,BOSCHLTD,Mar 2019,13.22,18,17.51,0,211.8462,0.9508,2359,1766,542,30.4233,19,0,593
263,BOSCHLTD,Mar 2020,6.6,15,7.01,0.008,137.8,0.7389,463,873,220,30.9,48,74,1336
264,BOSCHLTD,Mar 2021,4.96,12,4.91,0.0055,65.8571,0.6578,372,463,164,32.7433,70,54,835
265,BOSCHLTD,Mar 2022,10.33,12,11.39,0.0068,63.8966,0.7646,238,33,413,35.6267,51,73,271
266,BOSCHLTD,Mar 2023,9.54,13,12.93,0.0048,190.0833,0.9182,1476,262,483,36.71,99,53,1214
267,BOSCHLTD,Mar 2024,14.89,13,20.64,0.0032,71.7843,0.9638,1536,283,844,40.2133,44,39,1253
268,BPCL,Mar 2013,0.8,3,11.54,1.9766,3.2569,3.0414,2322,3604,4,2.3202,42,33157,5926
269,BPCL,Mar 2014,1.53,4,20.85,1.7053,5.4279,2.9892,2707,6881,9,2.6888,31,33152,9588
270,BPCL,Mar 2015,2.09,4,22.52,1.1299,10.0822,2.8104,10206,10536,11,3.1206,34,25492,20742
271,BPCL,Mar 2016,4.31,7,29.1,0.8415,21.8882,2.1732,1886,9233,19,4.2369,25,23388,11119
272,BPCL,Mar 2017,4.72,7,30.85,1.1592,23.7126,1.8449,-6233,15274,20,2.3508,49,35725,9041
273,BPCL,Mar 2018,4.15,6,26.74,1.0284,15.3828,1.96,4002,7066,21,1.8617,46,37659,11068
274,BPCL,Mar 2019,2.86,5,22,1.1567,10.2534,2.178,-294,10451,18,1.9708,48,44839,10157
275,BPCL,Mar 2020,1.29,3,10.04,1.7923,3.9317,1.8863,-3254,11135,7,1.8572,106,65476,7881
276,BPCL,Mar 2021,7.52,9,32.34,1.0182,16.5351,1.4298,20981,2474,37,2.5588,102,54532,23455
277,BPCL,Mar 2022,3.37,6,22.51,1.2433,9.2387,1.8493,12198,8138,27,2.438,29,64534,20336
278,BPCL,Mar 2023,0.45,2,3.98,1.2962,3.4539,2.5155,4660,7806,5,2.514,40,69376,12466
279,BPCL,Mar 2024,5.99,10,35.51,0.7219,11.3555,2.2137,25415,10521,62,3.541,33,54599,35936
280,BRITANNIA,Mar 2013,4.2,7,46.59,0.681,11.5366,3.2847,348,28,11,2.325,39,380,320
281,BRITANNIA,Mar 2014,5.71,9,49.5,0.188,82.625,3.281,425,246,16,3.325,36,150,671
282,BRITANNIA,Mar 2015,8.77,11,55.34,0.1165,274.5,2.8135,134,450,29,5.1875,28,145,584
283,BRITANNIA,Mar 2016,9.82,15,39.44,0.0626,267.8,2.4033,254,705,34,8.7167,29,131,959
284,BRITANNIA,Mar 2017,9.77,14,32.83,0.0464,285.8,2.2035,291,150,37,11.2333,30,125,441
285,BRITANNIA,Mar 2018,10.13,15,29.48,0.059,208.375,1.9109,292,957,42,14.1917,30,201,1249
286,BRITANNIA,Mar 2019,10.45,16,27.16,0.0367,215.3333,1.7722,304,852,48,17.7208,31,156,1156
287,BRITANNIA,Mar 2020,12.02,16,31.66,0.3493,27.3506,1.4815,-41,1526,58,18.3458,60,1538,1485
288,BRITANNIA,Mar 2021,14.09,19,52.17,0.5981,25.4234,1.642,2309,433,77,14.7833,204,2122,1876
289,BRITANNIA,Mar 2022,10.72,16,59.27,0.9699,16.8264,1.878,2214,914,63,10.6583,89,2481,1300
290,BRITANNIA,Mar 2023,14.21,17,65.53,0.848,20.284,1.7432,1019,1507,96,14.725,75,2997,2526
291,BRITANNIA,Mar 2024,12.73,19,54.15,0.524,20.5976,1.8484,3050,477,89,16.4208,83,2065,2573
292,CANBK,Mar 2013,8.79,655,11.9,14.9364,2.1823,0.0812,7575,435,12,5.6831,19,376040,8010
293,CANBK,Mar 2014,6.75,-672,8.85,14.8434,2.3248,0.079,13864,380,10,6.5458,19,447913,14244
294,CANBK,Mar 2015,6.69,-621,9.02,15.3726,2.1764,0.0784,5240,1104,11,6.8404,17,499488,6344
295,CANBK,Mar 2016,-5.76,-8008,-7.82,15.6344,3.3739,0.0781,8903,443,-9,5.9687,0,506712,9346
296,CANBK,Mar 2017,3.4,-5775,4.07,15.4204,1.9966,0.0695,2099,476,5,5.8099,4,534858,2575
297,CANBK,Mar 2018,-9.37,-13350,-10.5,15.2792,3.4536,0.0655,-11607,487,-11,5.0337,0,563756,-11120
298,CANBK,Mar 2019,1.45,-11590,1.85,16.9855,2.7433,0.0674,17492,745,2,5.0052,0,640166,18237
299,CANBK,Mar 2020,-3.86,-12867,-4.66,16.2154,2.2699,0.0671,-5734,445,-4,4.0006,0,668170,-5289
300,CANBK,Mar 2021,4.21,-18367,4.74,17.0004,1.8804,0.0596,58002,1116,4,3.7893,0,1060998,59118
301,CANBK,Mar 2022,8.72,-13657,8.8,16.1894,1.7433,0.0561,-510,1429,7,3.8567,19,1132626,919
302,CANBK,Mar 2023,13.21,-9877,14.53,15.8501,1.6885,0.0622,-41134,1156,12,4.3029,19,1237160,-39978
303,CANBK,Mar 2024,13.94,-7745,16.72,14.8674,1.6107,0.072,13296,1750,17,5.079,19,1369780,15046
304,CHOLAFIN,Mar 2013,11.98,472,15.78,7.8222,706,0.141,-3749,5,4,1.365,16,15269,-3754
305,CHOLAFIN,Mar 2014,11.22,578,16.09,7.9034,950,0.1522,-2530,83,5,1.5993,14,18075,-2447
306,CHOLAFIN,Mar 2015,11.95,696,16.6,7.4579,,0.1556,-2304,40,6,1.8576,11,19950,-2264
307,CHOLAFIN,Mar 2016,13.64,899,15.67,6.1433,643.5,0.1511,-2946,137,7,2.3526,12,22546,-2809
308,CHOLAFIN,Mar 2017,15.3,1143,16.71,5.6005,448.6667,0.1534,-1690,222,9,2.7551,12,24071,-1468
309,CHOLAFIN,Mar 2018,16.51,1451,17.91,7.479,,0.1259,-7986,60,12,3.2853,11,38330,-7926
310,CHOLAFIN,Mar 2019,16.84,1888,19.28,8.1455,1659,0.1236,-9328,11,15,3.9795,8,50567,-9317
311,CHOLAFIN,Mar 2020,12.1,1699,12.85,6.7079,,0.136,-2129,54,13,5,13,55005,-2075
312,CHOLAFIN,Mar 2021,15.87,2094,15.84,6.6385,52.4107,0.1284,-10594,1746,19,5.8537,11,63730,-8848
313,CHOLAFIN,Mar 2022,21.23,2924,18.3,5.8776,35.1786,0.123,-3931,1640,26,7.1762,8,69174,-5571
314,CHOLAFIN,Mar 2023,20.68,3515,18.58,6.7864,16.5818,0.1134,-29253,2148,32,8.7476,6,97358,-27105
315,CHOLAFIN,Mar 2024,17.85,4548,17.46,6.8634,21.2118,0.1223,-38538,2855,41,11.6625,5,134475,-35683
316,CIPLA,Mar 2013,18.66,2214,17.13,0.1072,24.8653,0.7102,-665,2063,19,5.6019,10,967,1398
317,CIPLA,Mar 2014,13.8,2147,13.97,0.1242,32.0598,0.7592,298,1265,17,6.2429,12,1248,1563
318,CIPLA,Mar 2015,10.83,2163,11.38,0.1577,56.1098,0.724,223,950,15,6.7093,14,1703,1173
319,CIPLA,Mar 2016,10.03,2480,12.01,0.4517,54.4615,0.6551,-2792,4533,17,7.1534,12,5202,1741
320,CIPLA,Mar 2017,7.19,2496,8.25,0.3279,57.2837,0.6897,1078,1304,13,7.7913,16,4113,2382
321,CIPLA,Mar 2018,9.35,2826,9.96,0.288,44.1,0.6685,629,834,18,8.8379,17,4098,1463
322,CIPLA,Mar 2019,9.12,3097,9.94,0.2875,27.8491,0.6886,3,1688,19,9.3242,16,4316,1691
323,CIPLA,Mar 2020,8.76,3206,9.52,0.1786,40.5378,0.7314,3182,114,19,9.7907,21,2816,3068
324,CIPLA,Mar 2021,12.47,4252,13.04,0.1099,56.1241,0.7709,1381,2374,30,11.3826,17,2014,3755
325,CIPLA,Mar 2022,11.7,4553,12.22,0.0507,174.0606,0.8103,1468,1858,31,12.9447,16,1056,3326
326,CIPLA,Mar 2023,12.45,5027,12.1,0.0343,60.5734,0.7766,862,2376,35,14.5385,24,803,3238
327,CIPLA,Mar 2024,16.12,6291,15.55,0.0209,35.3388,0.7922,1152,2982,51,16.5876,25,559,4134
328,COALINDIA,Mar 2013,25.41,18087,35.81,0.0269,5.7406,0.6154,7276,1833,27,0.7674,51,1305,9109
329,COALINDIA,Mar 2014,21.4,17766,35.64,0.0042,7.3744,0.6729,23105,8580,24,0.6714,121,178,14525
330,COALINDIA,Mar 2015,18.52,17343,34.02,0.0101,8.6454,0.6661,15276,894,22,0.6389,95,408,14382
331,COALINDIA,Mar 2016,18.32,18714,40.96,0.0344,9.9631,0.6856,21308,8154,23,0.5515,121,1199,13154
332,COALINDIA,Mar 2017,11.87,12448,37.85,0.1229,12.3649,0.6591,16916,455,15,0.395,133,3014,16461
333,COALINDIA,Mar 2018,8.26,9288,34.88,0.0762,15.2697,0.6794,13368,7747,11,0.3251,146,1538,21115
334,COALINDIA,Mar 2019,17.54,25007,66.01,0.0835,12.7878,0.7486,8460,7896,28,0.4293,46,2210,16356
335,COALINDIA,Mar 2020,17.38,21581,51.93,0.2001,11.5646,0.6404,6010,1033,27,0.5218,44,6434,4977
336,COALINDIA,Mar 2021,14.11,18628,34.78,0.1611,19.0858,0.559,10774,182,21,0.5925,78,5884,10592
337,COALINDIA,Mar 2022,15.84,24721,40.28,0.0815,21.9912,0.6114,15392,25715,28,0.7,60,3514,41107
338,COALINDIA,Mar 2023,22.95,44232,52.14,0.0712,14.3372,0.6245,12269,23465,52,0.9872,47,4331,35734
339,COALINDIA,Mar 2024,26.26,47971,45.17,0.0788,11.2418,0.6019,13617,4486,61,1.3424,42,6523,18103
340,DABUR,Mar 2013,12.48,16,36.56,0.5494,18.5085,1.3039,248,622,4,1.204,34,1151,870
341,DABUR,Mar 2014,12.98,16,34.49,0.2666,23.8519,1.3287,994,104,5,1.5264,33,708,1098
342,DABUR,Mar 2015,13.7,17,31.84,0.2188,36.85,1.2766,171,876,6,1.9057,33,734,1047
343,DABUR,Mar 2016,16.12,20,30.06,0.193,36.1458,1.1223,457,730,7,2.3699,32,805,1187
344,DABUR,Mar 2017,16.81,20,26.41,0.2012,33.4815,0.9847,420,807,7,2.754,31,975,1227
345,DABUR,Mar 2018,17.59,21,23.8,0.1644,36,0.8874,551,541,8,3.242,81,938,1092
346,DABUR,Mar 2019,16.98,20,25.67,0.1241,32.7,1.0092,1837,338,8,3.1819,34,699,1499
347,DABUR,Mar 2020,16.67,21,21.92,0.079,39.94,0.9302,1097,517,8,3.7322,37,522,1614
348,DABUR,Mar 2021,17.73,21,22.12,0.0664,75.0645,0.8827,711,1404,10,4.3299,50,509,2115
349,DABUR,Mar 2022,16,21,20.78,0.1229,65.641,0.8864,529,1273,10,4.7356,53,1030,1802
350,DABUR,Mar 2023,14.75,19,18.96,0.1308,33.4231,0.8446,905,583,10,5.0695,54,1174,1488
351,DABUR,Mar 2024,14.6,19,18.36,0.1384,23.2419,0.8206,1042,971,10,5.574,53,1365,2013
352,DIVISLAB,Mar 2013,28.07,38,24.07,0.0132,287,0.6833,225,255,23,9.263,33,33,480
353,DIVISLAB,Mar 2014,30.53,40,26.08,0.0061,362,0.6825,252,305,29,10.9778,34,18,557
354,DIVISLAB,Mar 2015,27.35,38,24.37,0.0077,403.6667,0.7072,305,521,32,12.9481,31,27,826
355,DIVISLAB,Mar 2016,29.82,38,26.23,0.0098,303.2,0.7709,632,406,42,8.1,24,42,1038
356,DIVISLAB,Mar 2017,26.08,36,19.79,0.0067,507.3333,0.6603,10,1140,40,10.1075,25,36,1150
357,DIVISLAB,Mar 2018,22.54,33,14.8,0.0106,688,0.5735,298,478,33,11.1792,30,63,776
358,DIVISLAB,Mar 2019,27.36,38,19.45,0.0152,405.6,0.6155,269,685,51,13.1264,31,106,954
359,DIVISLAB,Mar 2020,25.53,34,18.84,0.0053,287.4286,0.6323,1133,83,52,13.7925,31,39,1216
360,DIVISLAB,Mar 2021,28.47,41,21.34,0.0005,1462,0.647,2022,75,75,17.5377,27,5,1947
361,DIVISLAB,Mar 2022,33.04,43,25.24,0.0003,1998.5,0.6707,-283,2195,112,22.1283,27,4,1912
362,DIVISLAB,Mar 2023,23.48,31,14.29,0.0003,1357,0.5384,-248,2707,69,24.0887,44,4,2459
363,DIVISLAB,Mar 2024,20.4,28,11.79,0.0002,636.25,0.5074,992,269,60,25.6057,50,3,1261
364,DLF,Mar 2013,8.58,34,2.59,1.0339,1.6906,0.1202,4004,1995,4,7.5674,48,26600,2009
365,DLF,Mar 2014,7.11,30,2.15,0.8809,1.4722,0.1286,5392,3924,4,7.6952,55,24133,1468
366,DLF,Mar 2015,6.63,39,1.85,0.895,1.5265,0.1154,2135,98,3,7.6879,66,24495,2037
367,DLF,Mar 2016,3.07,40,1.27,1.0496,1.6687,0.1608,2139,818,2,6.742,117,25264,2957
368,DLF,Mar 2017,8.61,42,2.88,1.1884,1.5372,0.1285,-26,872,4,6.8832,50,29202,-898
369,DLF,Mar 2018,66.75,35,12.68,0.4953,4.1003,0.1107,-1832,2102,25,9.891,8,17491,270
370,DLF,Mar 2019,15.71,26,3.91,0.5129,1.4219,0.1258,2046,3,6,7.6136,33,17222,2043
371,DLF,Mar 2020,-9.7,19,-1.71,0.2352,1.5985,0.1088,6864,6508,-2,6.959,-85,8103,356
372,DLF,Mar 2021,20,27,3.06,0.1948,2.1712,0.1012,1610,150,4,7.1402,45,6886,1460
373,DLF,Mar 2022,26.24,30,4.13,0.115,3.1008,0.1117,3099,267,6,7.3459,49,4182,2832
374,DLF,Mar 2023,35.72,30,5.4,0.0885,5.2117,0.1083,1914,461,8,7.6135,49,3334,2375
375,DLF,Mar 2024,42.38,33,6.91,0.1226,7.4579,0.1088,1010,1529,11,7.9659,45,4834,2539
376,DMART,Mar 2013,2.81,6,11.91,0.6667,5.3488,2.2393,-104,231,2,0.145,0,526,127
377,DMART,Mar 2014,3.44,7,16.84,0.6705,6.375,2.5918,-72,270,3,0.1748,0,641,198
378,DMART,Mar 2015,3.29,7,17.67,0.7533,6.6111,2.7342,-252,474,4,0.2135,0,904,222
379,DMART,Mar 2016,3.73,8,21.04,0.7837,7.4835,2.7672,-200,633,6,0.2706,0,1192,433
380,DMART,Mar 2017,4.03,8,12.47,0.3896,8.1721,2.0447,-2027,2482,8,0.6157,0,1497,455
381,DMART,Mar 2018,5.36,9,17.26,0.094,24.0167,2.6617,1194,464,13,0.7482,0,439,730
382,DMART,Mar 2019,4.51,8,16.14,0.1253,35.766,2.8554,-151,958,14,0.8954,0,700,807
383,DMART,Mar 2020,5.23,9,11.74,0.0301,31.7101,2.0595,-3377,4657,20,1.7099,0,333,1280
384,DMART,Mar 2021,4.55,7,9.02,0.0323,46.1667,1.7681,265,1110,17,1.8802,0,393,1375
385,DMART,Mar 2022,4.82,8,10.91,0.0473,48.4444,2.0022,83,1289,23,2.1108,0,647,1372
386,DMART,Mar 2023,5.55,8,14.79,0.04,56.2239,2.3662,317,2313,37,2.4812,0,643,2630
387,DMART,Mar 2024,4.99,8,13.56,0.0317,73.2931,2.3989,278,2468,39,2.8722,0,592,2746
388,DRREDDY,Mar 2013,12.9,23,23.98,0.5781,28.15,0.8844,-59,1437,18,7.4929,17,3682,1378
389,DRREDDY,Mar 2014,14.63,24,24.96,0.5692,26.937,0.8434,366,1604,23,9.2529,16,4477,1970
390,DRREDDY,Mar 2015,15.55,23,23.71,0.4378,34.8889,0.8139,154,2370,27,11.5918,15,4314,2524
391,DRREDDY,Mar 2016,13.69,23,16.95,0.2667,46.747,0.7658,1653,1610,25,14.7871,16,3352,3263
392,DRREDDY,Mar 2017,9.1,17,10.54,0.4011,33.4684,0.6556,254,1890,16,14.7735,26,4918,2144
393,DRREDDY,Mar 2018,6.63,16,7.53,0.4034,31.7215,0.639,320,1483,11,15.147,35,5071,1803
394,DRREDDY,Mar 2019,12.62,21,13.9,0.2737,39.9888,0.6891,2101,769,23,16.8964,17,3838,2870
395,DRREDDY,Mar 2020,11.57,14,12.99,0.1417,32.1122,0.7543,2489,495,24,18.794,21,2210,2984
396,DRREDDY,Mar 2021,10.25,20,11.07,0.1718,43.3918,0.7164,1315,2255,23,21.2542,21,3031,3570
397,DRREDDY,Mar 2022,10.13,17,11.36,0.1761,45.0312,0.7243,246,2565,26,23.147,23,3384,2811
398,DRREDDY,Mar 2023,18.27,26,19.35,0.0578,52.035,0.7659,1779,4109,54,28.0554,15,1347,5888
399,DRREDDY,Mar 2024,19.91,28,19.74,0.0709,51.7076,0.7223,509,4034,67,34.041,12,2002,4543
400,EICHERMOT,Dec 2012,7.43,9,27.07,0.0131,171.5,1.4292,-277,773,12,6.5,17,23,496
401,EICHERMOT,Dec 2013,7.71,11,25.55,0.0409,101,1.276,-74,790,15,7.6111,21,84,716
402,EICHERMOT,Dec 2014,8.03,13,27.9,0.0231,122.3,1.3647,-167,1214,23,9.3185,22,58,1047
403,EICHERMOT,Mar 2016,21.68,27,36.63,0.0063,1008,1.2498,462,1001,49,13.5296,20,23,1463
404,EICHERMOT,Mar 2017,23.7,31,31.19,0.021,647.5,1.0034,-36,1744,61,19.7963,16,112,1708
405,EICHERMOT,Mar 2018,21.86,31,27.88,0.0215,669,0.9415,337,2145,72,26.037,15,151,2482
406,EICHERMOT,Mar 2019,22.49,30,24.7,0.021,515,0.8604,915,660,81,33.0296,15,187,1575
407,EICHERMOT,Mar 2020,19.96,24,18.3,0.0249,145,0.7353,186,1508,67,36.9667,19,249,1694
408,EICHERMOT,Mar 2021,15.45,20,11.78,0.0191,141.5625,0.5989,66,1625,49,42.363,34,219,1691
409,EICHERMOT,Mar 2022,16.28,21,13.3,0.0086,140.7368,0.638,544,983,61,46.6963,34,108,1527
410,EICHERMOT,Mar 2023,20.18,24,19.44,0.0192,155.5,0.7523,426,2397,107,55.5185,35,288,2823
411,EICHERMOT,Mar 2024,24.2,26,22.17,0.0232,114.7059,0.7154,890,2834,146,66.8333,35,419,3724
412,GAIL,Mar 2013,8.57,15,15.17,0.5721,19.0252,0.8523,-2023,8626,6,2.2708,28,16472,6603
413,GAIL,Mar 2014,7.75,13,14.75,0.5711,13.8042,0.9237,149,4466,7,2.5596,28,18537,4615
414,GAIL,Mar 2015,5.22,9,9.29,0.5376,10.0859,0.8692,1405,2809,5,2.6831,24,18291,4214
415,GAIL,Mar 2016,3.6,9,5.15,0.2487,6.4075,0.8813,3056,904,3,2.8709,37,9052,3960
416,GAIL,Mar 2017,6.95,12,8.58,0.1667,14.2102,0.8329,5690,334,5,2.3244,56,6553,6024
417,GAIL,Mar 2018,8.82,14,11.53,0.093,29.661,0.8882,6109,2660,7,1.8483,43,3876,8769
418,GAIL,Mar 2019,8.6,13,14.24,0.0483,73.3145,1.1135,2283,5701,10,2.0401,25,2224,7984
419,GAIL,Mar 2020,13.12,12,19.31,0.1403,41.4822,0.9678,46,8299,14,1.0924,31,6912,8345
420,GAIL,Mar 2021,10.71,13,11.55,0.148,56.3017,0.708,4353,4640,9,1.1978,36,7873,8993
421,GAIL,Mar 2022,13.26,16,19.19,0.1437,89.5347,0.9605,3930,5490,18,1.444,36,9216,9420
422,GAIL,Mar 2023,3.84,5,8.62,0.2744,28.2795,1.3512,-4248,7453,9,0.9875,59,17816,3205
423,GAIL,Mar 2024,7.43,11,12.86,0.283,23.6245,1.0681,4360,8226,15,1.1711,37,21794,12586
424,GODREJCP,Mar 2013,13.18,16,25.51,0.7413,13.6667,0.8333,-45,865,8,9.7441,22,2456,820
425,GODREJCP,Mar 2014,10.78,15,21.7,0.6286,10.2583,0.9133,622,494,7,11.1029,24,2373,1116
426,GODREJCP,Mar 2015,11.8,17,22.64,0.6302,12.9643,0.9066,-209,1236,9,12.6794,21,2717,1027
427,GODREJCP,Mar 2016,9.86,20,19.48,0.6775,10.8984,0.8703,225,622,8,12.55,24,2891,847
428,GODREJCP,Mar 2017,14.11,21,24.67,0.7546,12.8766,0.7162,-383,2243,13,15.5941,39,4001,1860
429,GODREJCP,Mar 2018,16.59,21,26.11,0.5606,13.6821,0.7103,1387,336,16,9.2029,42,3508,1723
430,GODREJCP,Mar 2019,22.71,21,32.23,0.4654,10.479,0.7318,2003,274,23,7.1245,44,3382,1729
431,GODREJCP,Mar 2020,15.1,22,18.95,0.4526,9.5877,0.6661,1036,552,15,7.7431,55,3575,1588
432,GODREJCP,Mar 2021,15.6,22,18.23,0.1975,17.5507,0.7743,1738,292,17,9.2539,0,1864,2030
433,GODREJCP,Mar 2022,14.52,20,15.43,0.1475,20.3852,0.7633,607,844,17,11.3294,0,1704,1451
434,GODREJCP,Mar 2023,12.78,18,12.34,0.0819,13.6011,0.7637,397,1754,17,13.5235,0,1130,2151
435,GODREJCP,Mar 2024,-3.98,21,-4.45,0.2558,2.4129,0.7664,-1365,3435,-5,12.351,,3222,2070
436,GRASIM,Mar 2013,13.54,21,19.22,0.4858,20.8272,0.6325,-1445,5687,57,21.3663,8,9550,4242
437,GRASIM,Mar 2014,10.43,17,13.67,0.4479,12.2841,0.5935,1213,2336,44,23.4946,9,9681,3549
438,GRASIM,Mar 2015,8.14,16,11.16,0.5156,8.5067,0.5873,2235,2359,37,25.1522,9,11930,4594
439,GRASIM,Mar 2016,10.02,17,12.6,0.4559,10.071,0.5789,1353,4515,51,29.4935,9,12505,5868
440,GRASIM,Mar 2017,11.77,20,13.53,0.2935,12.0556,0.5748,3779,3509,66,33.7495,8,9213,7288
441,GRASIM,Mar 2018,6.6,21,6.43,1.1693,3.282,0.2689,-2594,1546,39,43.787,15,67070,-4140
442,GRASIM,Mar 2019,3.56,22,4.73,1.4562,2.4413,0.3202,-3871,2212,25,43.9545,27,84487,-1659
443,GRASIM,Mar 2020,9.73,15,11.72,1.497,2.5325,0.2795,5256,11364,65,42.9038,6,84777,16620
444,GRASIM,Mar 2021,9.14,24,10.67,1.2074,3.4536,0.2858,7929,7146,63,49.6167,14,79078,15075
445,GRASIM,Mar 2022,11.71,21,14.8,0.9874,4.6229,0.331,5985,1053,111,57.3477,9,74744,7038
446,GRASIM,Mar 2023,9.42,18,14.07,1.3086,4.1896,0.3492,-26397,13712,100,59.653,10,103039,-12685
447,GRASIM,Mar 2024,7.58,21,11.2,1.5471,3.0158,0.3178,-33833,23114,85,66.6564,12,137155,-10719
448,HAL,Mar 2017,14.57,18,1966.92,0.015,267.5,105.5882,2598,3021,36,2.66,31,2,-423
449,HAL,Mar 2018,10.73,19,1528.46,0.0231,120.6,111.5602,-140,594,30,2.6,54,3,-734
450,HAL,Mar 2019,11.73,23,1763.91,0.0602,27.9379,114.3314,-2402,5292,35,2.66,28,8,-7694
451,HAL,Mar 2020,13.25,23,2059.42,0.0145,14.7493,123.9595,203,1334,42,2.76,39,2,1537
452,HAL,Mar 2021,14.16,23,2249.31,0.0417,21.3521,123.0215,13934,1190,48,2.88,31,6,15124
453,HAL,Mar 2022,20.66,22,3324.18,0.0784,98.5538,121.8812,-2609,12789,76,3.06,26,12,10180
454,HAL,Mar 2023,21.58,25,3283.05,0.2655,130.3281,99.3653,3102,5734,87,3.54,32,47,8836
455,HAL,Mar 2024,25,32,3816.58,0.6181,270.8837,67.5133,1814,6412,114,3.98,31,123,8226
456,HAVELLS,Mar 2013,8.14,9,40.29,0.681,7.2846,1.6005,494,144,9,2.3258,16,982,638
457,HAVELLS,Mar 2014,5.54,10,26.77,0.6327,7.9608,1.5099,492,376,7,2.6871,42,1054,868
458,HAVELLS,Mar 2015,4.55,9,21.18,0.2332,8.3646,1.7686,478,485,6,2.9323,49,424,963
459,HAVELLS,Mar 2016,17.12,10,42.95,0.0443,19.1758,1.731,392,121,21,4.8823,29,134,513
460,HAVELLS,Mar 2017,8.06,13,15.08,0.0635,65.9231,1.1861,547,220,8,5.2839,44,208,767
461,HAVELLS,Mar 2018,8.14,13,17.72,0.0308,45.2,1.2282,154,946,11,5.9206,4,115,1100
462,HAVELLS,Mar 2019,7.82,12,18.77,0.0224,82.0625,1.4092,686,185,13,6.6635,36,94,501
463,HAVELLS,Mar 2020,7.79,11,17.05,0.0167,23.0196,1.3347,279,548,12,6.8444,34,72,827
464,HAVELLS,Mar 2021,9.98,15,20.17,0.1006,19.7333,1.1813,-103,763,17,8.2175,39,521,660
465,HAVELLS,Mar 2022,8.58,13,19.92,0.1026,28.8657,1.3245,969,759,19,9.5286,39,616,1728
466,HAVELLS,Mar 2023,6.34,10,16.18,0.0337,32.7091,1.5157,596,31,17,10.5175,44,223,565
467,HAVELLS,Mar 2024,6.84,10,17.07,0.0407,25.3571,1.4952,335,1618,20,11.8206,44,303,1953
468,HCLTECH,Jun 2013,15.79,22,30.69,0.0793,56.717,1.1421,2131,2361,14,9.4705,21,1044,4492
469,HCLTECH,Jun 2014,20.31,25,33.39,0.0521,76.4211,1.0722,1615,4842,23,13.9643,11,1018,6457
470,HCLTECH,Jun 2015,20,23,30.31,0.0268,105.6264,1.0413,3451,2088,26,8.6206,58,648,5539
471,HCLTECH,Mar 2017,18.09,22,26.12,0.0177,128.7528,1.0395,5105,3890,30,11.5611,40,582,8995
472,HCLTECH,Mar 2018,17.25,22,23.97,0.0153,180.8116,1.0538,6092,2236,31,13.0885,19,557,8328
473,HCLTECH,Mar 2019,16.75,23,24.46,0.1014,85.454,1.0356,5715,3256,37,15.2642,11,4195,8971
474,HCLTECH,Mar 2020,15.64,24,21.57,0.1558,35.4554,0.8534,1027,12332,41,9.4414,25,7986,13359
475,HCLTECH,Mar 2021,14.82,27,18.64,0.1146,41.047,0.876,13953,5665,41,11.0337,24,6864,19618
476,HCLTECH,Mar 2022,15.79,24,21.84,0.1024,67.6991,0.9632,18497,1597,50,11.4022,84,6343,16900
477,HCLTECH,Mar 2023,14.63,22,22.7,0.0733,67.949,1.088,14436,3573,55,12.0451,88,4794,18009
478,HCLTECH,Mar 2024,14.29,22,23.01,0.0844,46.4611,1.1102,15840,6608,58,12.5715,90,5758,22448
479,HDFCBANK,Mar 2013,19.25,3534,18.84,9.1583,1.7722,0.088,-6749,902,14,7.6981,19,335588,-5847
480,HDFCBANK,Mar 2014,20.6,5602,19.85,9.4341,1.6294,0.0845,3112,1099,18,9.2015,19,416677,4211
481,HDFCBANK,Mar 2015,21.12,7214,16.95,8.0717,1.6947,0.0835,-22081,800,21,12.6056,19,509762,-21281
482,HDFCBANK,Mar 2016,20.3,9037,17.25,8.7423,1.79,0.0829,-35272,837,25,14.6846,19,649587,-34435
483,HDFCBANK,Mar 2017,20.9,11374,16.69,8.0784,1.8498,0.0821,16136,1146,30,17.8936,18,741550,17282
484,HDFCBANK,Mar 2018,21.76,13374,16.94,8.6207,1.8402,0.0773,16372,842,36,21.1173,18,944817,17214
485,HDFCBANK,Mar 2019,21.34,16592,14.61,7.0294,1.8405,0.0813,-64375,1503,41,28.1969,18,1080235,-62872
486,HDFCBANK,Mar 2020,22.34,14593,15.48,7.5587,1.8277,0.0773,-18272,1403,50,32.1821,5,1333041,-16869
487,HDFCBANK,Mar 2021,24.78,16848,15.18,7.2037,1.9197,0.0714,40653,1823,58,38.078,11,1511418,42476
488,HDFCBANK,Mar 2022,28.07,20795,15.43,7.217,1.7813,0.064,-14011,2051,69,44.5634,23,1784970,-11960
489,HDFCBANK,Mar 2023,27.03,29932,15.94,7.3909,1.8595,0.0675,17822,2992,82,51.8706,23,2139212,20814
490,HDFCBANK,Mar 2024,23.07,-44685,14.34,6.8088,1.4008,0.0704,35669,16600,84,60.0521,23,3107503,19069
491,HDFCLIFE,Mar 2013,3.18,525,33.43,0,483.5357,0.3354,,,2,0.067,0,0,
492,HDFCLIFE,Mar 2014,4.22,605,37.6,0,68.7344,0.3284,,,4,0.0966,14,0,
493,HDFCLIFE,Mar 2015,2.89,874,30.93,0,333.4684,0.3927,945,3514,4,0.1274,18,0,4459
494,HDFCLIFE,Mar 2016,4.5,953,26.33,0,159.1852,0.237,1725,3962,4,0.1555,22,0,5687
495,HDFCLIFE,Mar 2017,2.89,972,23.18,0,213.5036,0.3223,1053,5177,4,0.1915,25,0,6230
496,HDFCLIFE,Mar 2018,3.43,1074,23.53,0,110.5993,0.292,2318,4421,6,0.2338,25,0,6739
497,HDFCLIFE,Mar 2019,3.29,1215,22.65,0,276.7868,0.2988,-314,10182,6,0.2797,26,0,9868
498,HDFCLIFE,Mar 2020,4.41,1141,19.05,0,76.5393,0.2222,-401,7789,6,0.3371,0,0,7388
499,HDFCLIFE,Mar 2021,1.9,1235,15.75,0.0694,157.9685,0.3981,751,8952,7,0.4275,30,600,9703
500,HDFCLIFE,Mar 2022,1.98,778,8.5,0.0384,86.6175,0.2909,5142,801,6,0.7389,27,600,5943
501,HDFCLIFE,Mar 2023,1.95,80,10.53,0.0731,48.801,0.283,-3188,10071,6,0.6046,30,950,6883
502,HDFCLIFE,Mar 2024,1.55,531,10.73,0.0648,192.2895,0.3353,-2893,13614,7,0.6818,27,950,10721
503,HEROMOTOCO,Mar 2014,8.32,3553,37.38,0.0505,50.5488,2.497,1347,1616,105,14.0575,62,284,2963
504,HEROMOTOCO,Mar 2015,8.58,3520,36.15,0.0153,73.9415,2.5848,2217,31,118,16.35,51,100,2186
505,HEROMOTOCO,Mar 2016,10.94,4424,35.23,0.0263,57.1235,2.2067,1422,2300,157,22.085,46,232,3722
506,HEROMOTOCO,Mar 2017,12.39,4585,34.37,0.0253,28.9651,1.8685,2035,1972,179,25.79,47,261,4007
507,HEROMOTOCO,Mar 2018,11.47,5334,31.09,0.019,48.1206,1.8657,2159,1858,186,29.93,51,228,4017
508,HEROMOTOCO,Mar 2019,10.2,5025,26.42,0.0238,39.0837,1.8359,2330,1298,172,32.8,50,312,1032
509,HEROMOTOCO,Mar 2020,12.51,4070,25.4,0.0314,17.5718,1.4869,2699,2819,182,36.015,49,453,5518
510,HEROMOTOCO,Mar 2021,9.48,4058,19.05,0.0379,48.6709,1.3404,1821,2289,146,38.54,72,584,4110
511,HEROMOTOCO,Mar 2022,7.88,3256,14.7,0.0382,48.2679,1.3147,1882,222,116,39.6175,82,605,2104
512,HEROMOTOCO,Mar 2023,8.2,4099,16.81,0.0341,53.037,1.4282,2193,421,141,41.64,71,568,2614
513,HEROMOTOCO,Mar 2024,9.9,5235,21.14,0.0342,47.2685,1.4449,3095,1828,187,44.2475,75,606,4923
514,HINDALCO,Mar 2013,3.75,7699,8.51,1.612,65.2601,0.665,-10824,13801,16,18.4974,6,56951,2977
515,HINDALCO,Mar 2014,2.5,8024,5.41,1.5948,117.6957,0.6356,-139,8095,11,19.7107,9,64756,7956
516,HINDALCO,Mar 2015,0.25,8844,0.68,1.7863,-114.7175,0.7357,3270,3873,4,18.5164,24,68468,7143
517,HINDALCO,Mar 2016,-0.71,7778,-1.73,1.6635,60.6593,0.6997,8468,3220,-1,19.6179,-82,67552,11688
518,HINDALCO,Mar 2017,1.88,12317,4.09,1.3855,73.3548,0.6855,9811,2876,8,20.6543,13,63817,12687
519,HINDALCO,Mar 2018,5.28,13695,11.09,0.9494,35.2553,0.7835,16231,5333,27,24.5973,4,52074,10898
520,HINDALCO,Mar 2019,4.21,15511,9.56,0.9115,102.079,0.859,6521,5456,24,25.9014,5,52415,11977
521,HINDALCO,Mar 2020,3.19,14306,6.46,1.1729,114.6247,0.7007,5518,7227,17,26.2689,6,68399,12745
522,HINDALCO,Mar 2021,2.64,17559,5.23,1.0101,-115.9696,0.6991,-8048,25280,16,29.9698,19,67206,17232
523,HINDALCO,Mar 2022,7.04,28347,17.56,0.8247,133.0623,0.8792,10065,6773,61,35.2212,6,64486,16838
524,HINDALCO,Mar 2023,4.52,22666,10.65,0.6359,153.4399,0.9987,11649,7559,45,42.7054,7,60291,19208
525,HINDALCO,Mar 2024,4.7,23872,9.57,0.5309,126.4654,0.936,9789,14267,45,47.8135,8,56356,24056
526,HINDUNILVR,Mar 2013,14.22,4220,134,0.0087,20.3028,2.2332,3668,63,18,1.3264,104,25,3605
527,HINDUNILVR,Mar 2014,13.53,4759,111.85,0.013,30.923,2.1255,3343,475,18,1.6375,71,46,3818
528,HINDUNILVR,Mar 2015,13.69,5412,108.67,0.0107,21.3128,2.2157,3430,138,20,1.8644,74,43,3292
529,HINDUNILVR,Mar 2016,12.9,5910,63.15,0.0269,54.1029,2.1758,3889,282,19,3.0431,83,177,4171
530,HINDUNILVR,Mar 2017,13.54,6328,66.58,0.0411,44.3119,2.1114,4012,1173,21,3.1222,82,277,5185
531,HINDUNILVR,Mar 2018,14.71,7499,71.79,0,79.5099,1.99,4996,1063,24,3.3708,83,0,6059
532,HINDUNILVR,Mar 2019,15.42,8880,77.03,0.0126,94.5745,2.1102,5362,438,28,3.6421,78,99,5800
533,HINDUNILVR,Mar 2020,16.98,9861,82.1,0,70.6297,1.974,9414,1791,31,3.8097,80,0,7623
534,HINDUNILVR,Mar 2021,17.01,11626,16.78,0,208.3941,0.6841,7935,1228,34,20.2868,119,0,9163
535,HINDUNILVR,Mar 2022,16.95,12857,18.12,0.0213,180.8858,0.7439,7320,1728,38,20.877,90,1043,9048
536,HINDUNILVR,Mar 2023,16.74,14147,20.16,0.0242,103.6964,0.829,8507,1484,43,21.406,91,1219,9991
537,HINDUNILVR,Mar 2024,16.61,14659,20.07,0.029,57.847,0.7886,10145,5324,44,21.7949,96,1484,15469
538,ICICIBANK,Mar 2013,22.57,-15085,14.73,7.0919,1.0795,0.0665,-1069,18563,15,5.9587,24,487659,17494
539,ICICIBANK,Mar 2014,23.6,-13084,15.28,7.1053,1.0911,0.0662,-8985,15750,17,6.6173,24,543055,6765
540,ICICIBANK,Mar 2015,23.55,-16120,15.28,7.0504,1.0989,0.0665,-25448,13175,19,7.3022,24,597207,-12273
541,ICICIBANK,Mar 2016,18.43,-26955,11.61,7.1347,1.24,0.0645,11585,12060,16,8.0921,29,671455,23645
542,ICICIBANK,Mar 2017,18.61,-37737,10.84,6.6985,1.2158,0.0618,50925,1711,16,8.9813,14,700874,52636
543,ICICIBANK,Mar 2018,14.64,-44906,8.23,7.3687,1.2804,0.0553,-31168,50551,12,8.6026,12,815198,19383
544,ICICIBANK,Mar 2019,7.9,-50971,4.98,7.8041,1.4109,0.0581,18389,30282,7,8.8637,15,891641,48671
545,ICICIBANK,Mar 2020,13.23,-45190,9.13,8.2518,1.3134,0.0616,37470,42095,15,9.495,0,1014636,79565
546,ICICIBANK,Mar 2021,22.84,-44805,12.92,7.0046,1.2644,0.0567,74384,63631,27,11.3946,8,1103840,138015
547,ICICIBANK,Mar 2022,27.82,-26558,14.58,6.8824,1.3,0.0544,18663,39448,36,13.0973,14,1252968,58111
548,ICICIBANK,Mar 2023,29.29,-17341,16.53,6.5264,1.3492,0.0618,-71460,67689,49,15.3542,16,1399894,-3771
549,ICICIBANK,Mar 2024,28.89,-14152,17.99,6.4456,1.3009,0.0675,12547,144737,63,18.2309,16,1651008,157284
550,ICICIGI,Mar 2013,8.8,-178,18.88,0,7.1451,0.3175,22,962,8,0.4279,0,0,984
551,ICICIGI,Mar 2014,11.95,-225,21.72,0,5.5973,0.2952,-111,706,12,0.538,0,0,595
552,ICICIGI,Mar 2015,13.82,-221,20.27,0,4.4869,0.2891,73,171,13,0.6456,15,0,-98
553,ICICIGI,Mar 2016,8.4,764,15.66,0,,0.3849,201,310,11,0.7225,26,0,511
554,ICICIGI,Mar 2017,9.34,919,18,0.1243,-3306.5,0.322,-362,1990,16,0.865,22,485,1628
555,ICICIGI,Mar 2018,12.47,-262,18.98,0.1068,4.5698,0.2323,494,1896,19,1.0002,17,485,2390
556,ICICIGI,Mar 2019,9.4,1669,19.43,0.0898,-4754.5,0.3342,120,2856,23,1.1894,26,485,2976
557,ICICIGI,Mar 2020,10.37,1772,19.47,0.0791,650.6667,0.3109,51,3382,26,1.3511,13,485,3433
558,ICICIGI,Mar 2021,12.11,2072,19.38,0.0638,842.25,0.3095,407,1367,32,1.6701,25,485,1774
559,ICICIGI,Mar 2022,7.93,1016,13.83,0.0277,18.5612,0.3152,944,135,26,1.8723,35,255,809
560,ICICIGI,Mar 2023,9.67,1264,16.55,0.0034,16.7699,0.3245,605,1685,35,2.1271,31,35,2290
561,ICICIGI,Mar 2024,9.37,2577,15.72,0.0029,160.0268,0.3236,486,1921,39,2.4757,28,35,2407
562,ICICIPRULI,Mar 2013,7.57,745,38.25,0,21.4267,0.2662,-1077,1564,11,0.2772,32,0,-2641
563,ICICIPRULI,Mar 2014,7.13,1504,35.61,0,158.0698,0.2687,3630,6012,11,0.3067,70,0,-2382
564,ICICIPRULI,Mar 2015,4.76,1655,31.15,0,762.8605,0.3404,-1299,1822,11,0.3677,51,0,523
565,ICICIPRULI,Mar 2016,7.91,1842,31,0.1933,,0.199,3661,27,12,0.3717,73,1029,3634
566,ICICIPRULI,Mar 2017,4.45,1806,26.26,0,277.0385,0.3032,3434,696,12,0.4464,63,0,4130
567,ICICIPRULI,Mar 2018,4.17,1771,24.63,0,280.8106,0.2738,301,5389,11,0.4578,59,0,5690
568,ICICIPRULI,Mar 2019,2.75,541,16.58,0,50.3358,0.2542,3818,7559,8,0.4785,40,0,11377
569,ICICIPRULI,Mar 2020,5.07,-319,14.79,0,13.5247,0.1347,-2201,10797,7,0.5023,11,0,8596
570,ICICIPRULI,Mar 2021,1.15,-390,10.5,0.1317,50.0731,0.3829,2230,5084,7,0.6343,30,1200,7314
571,ICICIPRULI,Mar 2022,1.19,-2163,8.29,0.131,20.597,0.26,1015,816,5,0.6373,10,1200,1831
572,ICICIPRULI,Mar 2023,1.61,-1757,8.06,0.1189,17.8571,0.1973,-1056,1145,6,0.7012,11,1200,89
573,ICICIPRULI,Mar 2024,0.94,-1829,7.73,0.109,31.0215,0.302,105,7420,6,0.7637,10,1200,-7315
574,INDUSINDBK,Mar 2013,15.19,286,13.91,8.3324,1.4314,0.0953,-660,174,20,1.4589,15,63576,-486
575,INDUSINDBK,Mar 2014,17.06,335,15.57,8.3229,1.3533,0.0948,-4280,174,27,1.7192,13,75264,-4106
576,INDUSINDBK,Mar 2015,18.51,288,16.85,8.9019,1.2308,0.0867,-1697,276,34,2.0121,12,94752,-1421
577,INDUSINDBK,Mar 2016,19.26,329,12.92,6.6679,1.2712,0.0831,-3185,258,38,2.9741,12,117996,-2927
578,INDUSINDBK,Mar 2017,19.91,379,13.89,7.2182,1.3635,0.0806,11284,285,48,3.4525,13,149026,11569
579,INDUSINDBK,Mar 2018,20.87,942,15.13,7.9664,1.3811,0.078,-20917,217,60,3.9735,12,189928,-20700
580,INDUSINDBK,Mar 2019,14.83,-437,12.37,9.0755,1.6435,0.0801,-7022,633,55,4.4255,14,242189,-6389
581,INDUSINDBK,Mar 2020,15.35,-553,12.73,7.5718,1.814,0.0937,-11513,526,64,5.001,0,262793,-12039
582,INDUSINDBK,Mar 2021,9.78,-2469,6.54,7.0916,2.4376,0.0799,44420,226,37,5.61,14,307528,44646
583,INDUSINDBK,Mar 2022,14.96,-839,9.67,7.1493,2.1594,0.0767,16249,351,60,6.1546,14,341005,16600
584,INDUSINDBK,Mar 2023,20.32,2067,13.53,7.0567,1.9019,0.0794,-12879,441,95,7.0389,15,385449,-12438
585,INDUSINDBK,Mar 2024,19.56,2978,14.25,6.8857,1.8795,0.0888,-17468,625,115,8.0716,14,432404,-16843
586,INFY,Mar 2013,23.37,29,24.82,0,2780.6,0.872,4451,2922,21,13.2846,25,0,7373
587,INFY,Mar 2014,21.26,27,23.93,0,1783.7778,0.8801,7262,2563,23,15.5699,34,0,9825
588,INFY,Mar 2015,23.2,28,24.39,0,1526.0833,0.8043,9352,999,27,8.8699,55,0,8353
589,INFY,Mar 2016,21.6,27,21.85,0,,0.8315,9143,885,29,5.3972,41,0,10028
590,INFY,Mar 2017,20.96,27,20.81,0,,0.8236,-3133,14664,31,6.0299,41,0,11531
591,INFY,Mar 2018,22.73,27,24.69,0,,0.8888,17751,4533,37,5.9672,59,0,13218
592,INFY,Mar 2019,18.64,24,23.73,0,,0.9835,14209,632,35,2.993,60,0,14841
593,INFY,Mar 2020,18.33,25,25.42,0.0708,147.4706,0.989,16672,331,39,3.0844,45,4633,17003
594,INFY,Mar 2021,19.33,28,25.44,0.0697,154.3077,0.9345,15851,7373,45,3.5947,59,5325,23224
595,INFY,Mar 2022,18.21,26,29.39,0.0726,168.93,1.0421,17400,6485,53,3.5915,59,5474,23885
596,INFY,Mar 2023,16.43,24,31.97,0.1101,133.2077,1.1779,21396,1071,58,3.6446,73,8299,22467
597,INFY,Mar 2024,17.08,24,29.79,0.0949,87.5234,1.1298,20117,5093,63,4.2548,,8359,25210
598,IOC,Mar 2013,0.79,3,5.75,1.4225,2.4232,1.9091,46,9294,3,2.5963,36,89671,9340
599,IOC,Mar 2014,1.43,4,10.26,1.3976,3.7468,1.8362,5601,18594,5,2.7971,30,94916,24195
600,IOC,Mar 2015,1.08,2,7.08,0.9428,3.9122,1.9219,35877,10215,3,2.8349,33,64893,46092
601,IOC,Mar 2016,3.59,6,13.8,0.6507,7.8167,1.4934,12014,13610,8,3.7966,28,58552,25624
602,IOC,Mar 2017,5.74,10,19.97,0.6197,10.2872,1.2983,10532,17684,14,2.1544,45,63271,28216
603,IOC,Mar 2018,5.37,10,19.87,0.5765,11.8681,1.4246,11996,17119,15,1.2013,90,65650,29115
604,IOC,Mar 2019,3.27,7,15.36,0.8604,7.9917,1.5749,-9822,22569,12,1.225,49,96765,12747
605,IOC,Mar 2020,-0.39,3,-1.97,1.3605,1.5345,1.4661,-21955,29101,-1,1.0391,-437,129790,7146
606,IOC,Mar 2021,5.98,11,19.46,1.043,15.2148,1.0248,26715,22935,15,1.2181,51,116649,49650
607,IOC,Mar 2022,4.37,8,19.27,0.9887,9.5508,1.4343,4453,21294,18,1.4545,46,132020,25747
608,IOC,Mar 2023,1.39,4,8.38,1.0662,4.7189,1.9044,1614,28030,7,1.0145,42,148977,29644
609,IOC,Mar 2024,5.56,10,23.53,0.7231,10.2823,1.6084,39635,31464,30,1.3318,40,132628,71099
610,IRCTC,Mar 2015,12.37,14,29.5,0,,0.9114,23,46,13,2.22,20,0,69
611,IRCTC,Mar 2016,13.83,14,34.87,0,,0.9513,295,7,19,2.71,40,0,288
612,IRCTC,Mar 2017,15.07,21,29.1,0,127,0.8324,432,94,11,1.9675,49,0,338
613,IRCTC,Mar 2018,15.08,19,23.14,0,124.3333,0.6322,64,40,11,2.3875,21,0,24
614,IRCTC,Mar 2019,16.52,20,28.85,0,254.5,0.7209,146,353,4,0.6694,98,0,499
615,IRCTC,Mar 2020,22.66,31,39.04,0,78,0.6985,417,8,6,0.8213,39,0,409
616,IRCTC,Mar 2021,24.07,24,12.84,0.0543,39,0.2464,-205,453,2,0.91,43,79,248
617,IRCTC,Mar 2022,35.13,47,35.29,0.0561,86,0.4838,282,242,8,1.1687,42,105,524
618,IRCTC,Mar 2023,28.41,36,40.6,0.0339,89,0.6958,495,317,13,1.5488,44,84,812
619,IRCTC,Mar 2024,26.02,34,34.4,0.0186,82.7368,0.701,667,215,14,2.0187,47,60,882
620,IRFC,Mar 2016,11.31,99,7.37,7.5925,1.3533,0.0693,-16376,2,188,0.2546,40,87503,-16378
621,IRFC,Mar 2017,10.32,100,7.78,8.8596,1.3097,0.0698,-19453,2,143,0.184,40,106395,-19455
622,IRFC,Mar 2018,22.18,100,14.75,9.6213,1.3905,0.0574,-28074,2,3,0.2134,18,134006,-28076
623,IRFC,Mar 2019,20.25,100,9.01,6.9495,1.3546,0.0539,-41747,1,2,0.2668,18,173933,-41748
624,IRFC,Mar 2020,23.78,100,10.54,7.7355,1.3141,0.0487,-62700,1,3,0.255,0,234377,-62701
625,IRFC,Mar 2021,28,99,12.3,8.9977,1.3933,0.0415,-89907,0,3,0.2748,31,323145,-89907
626,IRFC,Mar 2022,30,99,14.85,9.4748,1.4337,0.0451,-64417,5,5,0.3137,30,388440,-64412
627,IRFC,Mar 2023,26,99,13.8,9.3761,1.3543,0.0484,-28588,0,5,0.3419,32,418935,-28588
628,IRFC,Mar 2024,24.06,100,13.04,8.3784,1.3195,0.0549,7906,8,5,0.3763,31,412039,7914
629,ITC,Mar 2013,24.37,35,33.27,0.0044,111.787,0.895,3221,3881,6,2.9314,55,102,7102
630,ITC,Mar 2014,25.49,37,33.05,0.0089,484.3448,0.8643,4090,3254,7,3.426,54,242,7344
631,ITC,Mar 2015,25.19,37,30.81,0.0085,170.1209,0.8447,4568,5275,8,3.9571,52,269,9843
632,ITC,Mar 2016,24.24,37,22.26,0.002,205.3077,0.7588,5878,3921,8,5.3019,73,84,9799
633,ITC,Mar 2017,24.5,36,22.57,0.001,351.6122,0.7651,7376,3251,8,3.82,56,46,10627
634,ITC,Mar 2018,26.45,38,21.89,0.0007,163.1391,0.6763,6055,7114,9,4.3041,56,36,13169
635,ITC,Mar 2019,26.55,38,21.7,0.0002,290.3803,0.6738,7037,5546,10,4.8239,56,13,12583
636,ITC,Mar 2020,31.57,39,23.89,0.0042,268.6543,0.6388,8516,6174,12,5.3111,82,277,14690
637,ITC,Mar 2021,27.17,35,22.18,0.0045,338.6552,0.6678,18267,5740,11,4.9023,101,271,12527
638,ITC,Mar 2022,25.56,34,24.82,0.004,375.55,0.7856,13538,2238,12,5.0694,93,249,15776
639,ITC,Mar 2023,27.46,36,28.16,0.0044,356.4359,0.8263,13146,5732,15,5.5636,100,306,18878
640,ITC,Mar 2024,29.28,37,27.85,0.0041,362.9625,0.7723,18742,1563,16,5.9701,84,303,17179
641,JINDALSTEL,Mar 2013,14.9,31,13.89,1.1584,6.0347,0.347,-6069,9591,31,22.8516,5,24618,3522
642,JINDALSTEL,Mar 2014,9.83,30,8.39,1.6085,3.4023,0.2799,-8114,12694,21,24.8462,7,36368,4580
643,JINDALSTEL,Mar 2015,-7.48,28,-6.9,2.1624,1.4139,0.2568,-5535,6717,-14,23.1231,0,45501,1182
644,JINDALSTEL,Mar 2016,-15.86,18,-9.52,1.4427,1.032,0.2107,2071,2262,-32,35.644,0,46797,4333
645,JINDALSTEL,Mar 2017,-11.75,22,-8.45,1.5257,1.2633,0.2385,4852,1998,-25,32.6641,0,45850,6850
646,JINDALSTEL,Mar 2018,-4.85,19,-5.32,1.4139,1.5222,0.373,6293,1431,-15,31.3247,0,42962,7724
647,JINDALSTEL,Mar 2019,-5.14,18,-7.52,1.2329,1.628,0.5277,8195,832,-17,33.0773,0,39559,9027
648,JINDALSTEL,Mar 2020,-1.05,18,-1.24,1.1458,1.8325,0.4226,7338,1476,-1,31.5069,0,36824,8814
649,JINDALSTEL,Mar 2021,12.34,32,13.41,0.9401,4.085,0.4442,10077,1884,36,31.1912,0,29910,11961
650,JINDALSTEL,Mar 2022,13.22,30,18.99,0.379,7.2431,0.6676,13717,2331,56,35.2723,5,13502,16048
651,JINDALSTEL,Mar 2023,7.47,19,10.27,0.3371,6.5028,0.7664,3257,4090,31,38.706,6,13046,7347
652,JINDALSTEL,Mar 2024,11.8,20,13.41,0.3717,8.0046,0.64,-2336,8344,58,44.316,3,16472,6008
653,JIOFIN,Mar 2023,68.89,88,0.03,0.0065,,0.0004,945,1110,,5706,0,743,2055
654,JIOFIN,Mar 2024,86.52,84,1.15,0,198.8,0.0128,763,1441,3,2.1903,0,0,-678
655,JSWENERGY,Mar 2013,10.16,32,14.52,1.6726,2.918,0.4353,781,944,6,0.3783,36,10377,1725
656,JSWENERGY,Mar 2014,8.79,38,11.57,1.538,2.5506,0.4494,1906,363,5,0.4007,43,10106,2269
657,JSWENERGY,Mar 2015,14.53,39,18.06,1.2362,3.3597,0.4813,2972,422,8,0.4584,24,9294,3394
658,JSWENERGY,Mar 2016,14.86,41,15.05,1.5315,2.9166,0.3442,266,3272,9,0.5964,22,14862,3538
659,JSWENERGY,Mar 2017,7.54,40,6.01,1.3838,2.1039,0.2911,3091,762,4,0.6369,13,14349,3853
660,JSWENERGY,Mar 2018,1.06,34,0.77,1.0696,1.8956,0.3012,3719,215,0,0.6774,0,11883,3934
661,JSWENERGY,Mar 2019,7.49,31,5.79,0.8928,2.729,0.3525,2436,55,4,0.7204,24,10555,2491
662,JSWENERGY,Mar 2020,13.07,36,9.28,0.8449,3.1713,0.3318,2383,301,7,0.7093,15,9840,2082
663,JSWENERGY,Mar 2021,11.89,42,5.67,0.577,3.5279,0.2641,2670,1030,5,0.8835,41,8371,3700
664,JSWENERGY,Mar 2022,21.34,44,10.01,0.5135,5.3372,0.2676,1565,1387,11,1.0619,19,8943,2952
665,JSWENERGY,Mar 2023,14.32,32,7.94,1.3447,4.6872,0.2134,-4694,6778,9,1.1352,22,25051,2084
666,JSWENERGY,Mar 2024,15.02,47,8.28,1.5156,2.8514,0.1988,-1963,8197,10,1.2695,19,31573,6234
667,JSWSTEEL,Mar 2013,2.43,17,5.44,1.2672,3.1546,0.6644,411,5433,4,6.0088,30,21625,5844
668,JSWSTEEL,Mar 2014,0.78,18,1.9,1.6779,2.4734,0.6597,-3024,5618,2,6.9881,74,35527,2594
669,JSWSTEEL,Mar 2015,3.25,18,7.73,1.7386,2.7103,0.6184,504,7372,7,7.3564,19,38754,7876
670,JSWSTEEL,Mar 2016,-1.16,15,-2.54,2.2252,1.2374,0.5072,3040,3857,-1,6.301,-67,42204,6897
671,JSWSTEEL,Mar 2017,6.24,22,15.31,1.9135,3.2712,0.6318,2794,5094,15,7.5239,19,43334,7888
672,JSWSTEEL,Mar 2018,8.5,21,21.83,1.407,3.9824,0.7821,7850,4529,26,9.2709,16,39393,12379
673,JSWSTEEL,Mar 2019,8.88,22,21.62,1.3621,4.8828,0.7383,3246,11387,32,11.5598,16,47396,14633
674,JSWSTEEL,Mar 2020,5.34,16,10.71,1.6783,2.702,0.5563,-6804,19589,17,12.1591,15,61423,12785
675,JSWSTEEL,Mar 2021,9.86,25,16.84,1.3342,5.2189,0.5383,11087,7702,33,15.4848,25,62392,18789
676,JSWSTEEL,Mar 2022,14.3,27,31.11,1.0734,8.1952,0.7449,11522,14748,85,22.3578,25,72237,26270
677,JSWSTEEL,Mar 2023,2.49,11,6.3,1.2307,2.9022,0.7883,12593,10730,17,21.8256,25,80853,23323
678,JSWSTEEL,Mar 2024,5.13,16,11.55,1.1328,3.6591,0.7679,-2389,14467,36,25.4652,25,87984,12078
679,KOTAKBANK,Mar 2013,20.65,-1789,14.66,5.6043,1.2883,0.0936,-6157,9035,15,4.093,2,85561,2878
680,KOTAKBANK,Mar 2014,21.08,-1379,13.24,4.5031,1.333,0.0981,7938,1130,16,4.9569,2,85937,9068
681,KOTAKBANK,Mar 2015,23.31,-3366,14.01,4.7056,1.189,0.0897,-2165,4467,20,5.7399,2,104258,2302
682,KOTAKBANK,Mar 2016,17.27,-2263,10.56,5.3854,1.5109,0.0847,2672,2353,19,3.6384,3,179679,5025
683,KOTAKBANK,Mar 2017,22.48,-3965,13.04,5.3318,1.2705,0.0808,7933,5289,27,4.1839,2,205230,13222
684,KOTAKBANK,Mar 2018,24.9,-4141,12.4,4.9485,1.2271,0.0744,-15867,5475,33,5.2978,2,249840,-10392
685,KOTAKBANK,Mar 2019,24.15,-5114,12.47,5.0495,1.2225,0.0755,-1501,3323,38,6.0567,2,291763,1822
686,KOTAKBANK,Mar 2020,25.67,-5005,12.9,4.8993,1.3357,0.0755,33551,13068,45,6.9631,0,326477,46619
687,KOTAKBANK,Mar 2021,30.44,-9958,11.85,3.8785,1.2626,0.0685,-6291,11172,50,8.5105,2,327110,4881
688,KOTAKBANK,Mar 2022,35.83,-8512,12.51,3.7837,1.2299,0.0617,-2595,10903,61,9.7445,2,365747,8308
689,KOTAKBANK,Mar 2023,35.41,-5746,13.35,3.7456,1.2878,0.0679,-11623,10381,75,11.2602,2,418807,-1242
690,KOTAKBANK,Mar 2024,32.39,-13382,14.01,4.0037,1.2364,0.0733,6766,8919,92,13.0757,2,520374,15685
691,LICI,Mar 2019,0.46,1,324.32,332.5938,,0.1668,22910,9636,,0.81,2,269401,13274
692,LICI,Mar 2020,0.43,-1,270.46,252.9082,,0.1794,13952,40415,,1.002,2,253414,54367
693,LICI,Mar 2021,0.43,0,43.2,0.0006,,0.1804,229049,148447,7,6.884,0,4,80602
694,LICI,Mar 2022,0.57,0,36.38,0.0001,,0.1701,8748,12531,57,0.1793,23,1,-3783
695,LICI,Mar 2023,4.59,4,77.86,0,545.5455,0.1714,1671,52848,65,0.731,5,0,54519
696,LICI,Mar 2024,4.84,4,49.45,0,371.9375,0.1591,853,25269,66,1.3083,15,0,26122
697,LODHA,Mar 2016,8.52,26,17.69,3.4823,2.668,0.2663,-467,854,16,3.6787,0,13835,387
698,LODHA,Mar 2017,7.37,20,14.48,4.0126,2.9864,0.2336,295,1174,13,3.569,0,16183,1469
699,LODHA,Mar 2018,8.21,17,15.41,4.3898,5.0436,0.2404,45,651,10,1.301,0,22616,696
700,LODHA,Mar 2019,13.81,27,42.8,6.6756,5.7236,0.2388,-638,175,21,0.9699,0,25641,-463
701,LODHA,Mar 2020,5.96,15,16.3,4.0472,2.7514,0.3058,3954,182,9,1.1495,0,18423,3772
702,LODHA,Mar 2021,0.88,25,1.04,3.9559,1.0942,0.1386,2944,420,1,1.1614,0,18193,2524
703,LODHA,Mar 2022,13.08,24,9.98,0.953,3.6032,0.2404,3137,1139,12,2.5116,20,11537,1998
704,LODHA,Mar 2023,5.17,22,3.87,0.7155,2.1307,0.2421,4539,1789,5,2.6272,14,9060,2750
705,LODHA,Mar 2024,15.06,26,8.9,0.4407,5.6286,0.2186,-435,2947,16,1.7574,,7698,2512
706,LT,Mar 2013,7.11,15,395.15,0.1748,2.9981,31.9699,-11277,6922,38,8.3688,22,234,-4355
707,LT,Mar 2014,5.74,17,303.42,0.0683,2.375,31.9032,-12653,5510,35,10.0625,27,110,-7143
708,LT,Mar 2015,5.4,17,245.11,0.1076,2.3543,30.8694,-6143,4778,34,12.6625,32,218,-1365
709,LT,Mar 2016,4.54,15,216.09,0.0259,2.4214,32.2353,-7867,4627,31,12.5,40,55,-3240
710,LT,Mar 2017,5.93,15,206.3,0,2.6484,24.748,-3141,9796,43,18.4941,22,0,6655
711,LT,Mar 2018,6.69,17,207.36,0,2.797,22.4251,-6117,3914,53,22.7059,30,0,-10031
712,LT,Mar 2019,7.56,17,208.81,0,2.7377,20.2911,-15779,11023,63,28.7824,28,0,-4756
713,LT,Mar 2020,7.49,17,201.59,0.1688,2.5014,16.5005,-1714,8408,68,31.7882,26,912,6694
714,LT,Mar 2021,9.5,17,176.9,0.1093,2.6869,12.7012,17324,5750,82,40.5778,44,798,23074
715,LT,Mar 2022,6.66,16,72.92,0.0181,2.8888,7.6084,15579,3585,62,47.6267,36,258,19164
716,LT,Mar 2023,6.83,15,75.52,0.0929,3.1823,7.8081,14729,8048,75,55.3067,32,1541,22777
717,LT,Mar 2024,7.03,14,77.67,0.1035,3.5442,8.0276,20445,2179,95,66.7267,36,2071,18266
718,LTIM,Mar 2013,14.59,23,41.97,0.1748,42.4762,1.6542,384,224,174,8.3688,54,234,608
719,LTIM,Mar 2014,20.24,23,61.86,0.0683,44,1.8455,808,180,309,10.0625,55,110,628
720,LTIM,Mar 2015,15.45,20,37.96,0.1076,110.4,1.6716,539,103,238,12.6625,63,218,642
721,LTIM,Mar 2016,14.3,18,39.34,0.0259,202.5,1.8636,818,40,49,12.5,72,55,858
722,LTIM,Mar 2017,14.94,19,30.88,0,472.3333,1.4718,209,961,57,18.4941,29,0,1170
723,LTIM,Mar 2018,15.22,16,28.81,0,100.8125,1.3689,392,452,65,22.7059,33,0,844
724,LTIM,Mar 2019,16.05,20,30.98,0,198.6364,1.4175,646,749,87,28.7824,32,0,1395
725,LTIM,Mar 2020,13.97,19,28.13,0.1688,28.4096,1.2341,1001,643,87,31.7882,32,912,1644
726,LTIM,Mar 2021,15.67,22,26.53,0.1093,37.962,1.1554,743,1657,111,40.5778,36,798,2400
727,LTIM,Mar 2022,15.13,20,27.65,0.0181,48.9024,1.2692,1608,1643,225,47.6267,41,258,3251
728,LTIM,Mar 2023,13.29,18,26.58,0.0929,44.4333,1.4132,2824,271,149,55.3067,40,1541,3095
729,LTIM,Mar 2024,12.91,18,22.9,0.1035,31.9324,1.2895,1752,3918,155,66.7267,42,2071,5670
730,M&M,Mar 2013,6.01,13,20.69,1.4384,4.3348,0.9023,-3825,2903,33,6.7664,19,28711,-922
731,M&M,Mar 2014,6.96,14,22.11,1.5089,3.7045,0.842,-4768,4524,38,7.9007,18,35167,-244
732,M&M,Mar 2015,4.73,12,13.08,1.4662,3.0386,0.7571,-3302,4357,25,8.7355,23,37911,1055
733,M&M,Mar 2016,4.69,13,13.42,1.5685,3.4088,0.7595,-3121,5506,25,9.8119,21,41553,2385
734,M&M,Mar 2017,4.84,13,13.6,1.6375,3.513,0.7359,-5692,5875,30,9.5749,22,48762,183
735,M&M,Mar 2018,8.64,14,21.64,1.52,4.4123,0.6753,-4785,5467,60,6.7726,11,55898,682
736,M&M,Mar 2019,5.75,15,15.05,1.772,3.5616,0.6469,-11521,7174,43,7.3498,17,70848,-4347
737,M&M,Mar 2020,-0.43,13,-0.8,2.0539,1.8341,0.4549,-8327,6870,1,7.2146,205,82092,-1457
738,M&M,Mar 2021,2.04,15,3.64,1.9389,2.0713,0.4503,-1777,19686,15,7.4923,54,80625,17909
739,M&M,Mar 2022,8.04,16,15.39,1.6469,3.5646,0.5231,5996,3252,53,8.4754,20,77605,9248
740,M&M,Mar 2023,9.38,17,20.18,1.6366,4.1588,0.5936,-15940,8866,83,10.1196,18,92247,-7074
741,M&M,Mar 2024,8.82,18,18.54,1.6414,3.7647,0.5925,-11245,5615,91,11.8833,21,108647,-5630
742,MARUTI,Mar 2013,5.58,10,12.98,0.0825,26.0505,1.6101,940,3119,82,12.6013,10,1569,4059
743,MARUTI,Mar 2014,6.41,12,13.28,0.0932,32.7935,1.4151,-2,4997,94,14.2358,13,2004,4995
744,MARUTI,Mar 2015,7.5,14,15.66,0.0274,35.3624,1.4735,1958,4491,126,16.1046,20,666,6449
745,MARUTI,Mar 2016,9.55,16,17.95,0.0075,127.9024,1.3479,1252,7230,182,20.2755,19,231,8482
746,MARUTI,Mar 2017,11.03,15,20.26,0.0131,144.0449,1.3103,1109,9173,249,24.553,30,484,10282
747,MARUTI,Mar 2018,9.87,15,18.52,0.0028,41.2514,1.3247,3486,8302,261,28.1848,31,121,11788
748,MARUTI,Mar 2019,8.89,13,16.25,0.0034,180.5263,1.3455,3061,3540,253,31.1868,32,160,6601
749,MARUTI,Mar 2020,7.5,10,11.49,0.0037,80.3358,1.1891,2939,557,188,32.7238,32,184,3496
750,MARUTI,Mar 2021,6.24,8,8.36,0.0103,82.9118,0.9859,1565,7291,145,34.7689,31,541,8856
751,MARUTI,Mar 2022,4.39,7,7.01,0.0077,59.9449,1.1832,1601,239,128,36.6444,47,426,1840
752,MARUTI,Mar 2023,6.98,11,11.08,0.0167,61.6548,1.1828,1995,8820,274,47.5159,34,1248,10815
753,MARUTI,Mar 2024,9.51,13,15.75,0.0014,117.9072,1.2303,4936,11865,429,54.5452,29,119,16801
754,MOTHERSON,Mar 2013,1.79,6,19.75,2.1424,7.192,1.9859,397,1089,1,3.8797,26,4904,1486
755,MOTHERSON,Mar 2014,3.61,8,37.07,1.6357,9.2109,1.9951,1323,1372,2,3.3625,29,4840,2695
756,MOTHERSON,Mar 2015,3.73,8,38.87,1.5436,9.6101,1.9892,546,2844,2,3.7773,31,5131,3390
757,MOTHERSON,Mar 2016,4.77,10,40.35,1.3803,10.7971,1.8925,282,1906,3,3.3311,26,6069,2188
758,MOTHERSON,Mar 2017,5.13,10,26.26,1.2511,12.0453,1.3266,-2345,6145,3,5.9086,18,10349,3800
759,MOTHERSON,Mar 2018,4.01,9,22.87,1.0496,12.781,1.5228,70,3194,3,4.7067,30,10374,3264
760,MOTHERSON,Mar 2019,3.3,8,19.14,1.0521,13.4303,1.4858,994,3318,3,3.4693,29,11534,4312
761,MOTHERSON,Mar 2020,2.13,8,11.49,1.1665,8.9309,1.3485,4132,2220,2,3.5636,40,13136,6352
762,MOTHERSON,Mar 2021,2.73,8,12.49,0.9498,9.6445,1.2015,3165,1886,2,3.975,46,11930,5051
763,MOTHERSON,Mar 2022,1.85,7,5.74,0.6863,9.7403,1.1444,159,2304,1,4.5549,34,14130,2463
764,MOTHERSON,Mar 2023,2.12,8,7.44,0.6143,8.0935,1.2847,2395,2248,2,3.3115,29,13792,4643
765,MOTHERSON,Mar 2024,3.06,9,11.55,0.7617,5.2247,1.1724,925,6644,4,3.8577,20,19922,7569
766,NAUKRI,Mar 2013,16.1,26,12.5,0.0016,48.3333,0.5721,29,46,8,0.5578,12,1,75
767,NAUKRI,Mar 2014,10.58,17,8.93,0.0015,48.3333,0.5349,-123,204,8,0.6165,30,1,81
768,NAUKRI,Mar 2015,-1.91,3,-0.99,0.0007,27.5,0.3302,-1000,1051,2,1.1792,150,1,51
769,NAUKRI,Mar 2016,15.78,12,7.65,0.0006,67.3333,0.3886,76,2,11,1.2752,27,1,78
770,NAUKRI,Mar 2017,-4.84,-1,-2.7,0.0006,10.25,0.4325,48,165,-2,1.3157,-230,1,213
771,NAUKRI,Mar 2018,50.71,22,24.5,0.0005,124,0.3806,104,149,42,1.6762,13,1,253
772,NAUKRI,Mar 2019,51.43,1,23.28,0.0004,106.5714,0.3609,217,59,49,2.0844,12,1,276
773,NAUKRI,Mar 2020,-18.75,-27,-11.21,0.0351,-4.5714,0.4535,447,97,-19,1.7992,-31,77,350
774,NAUKRI,Mar 2021,125.71,7,26.28,0.012,150.7273,0.1793,-1767,2043,110,4.1829,7,65,276
775,NAUKRI,Mar 2022,810.7,28,74.71,0.0037,1296,0.0776,-470,1177,991,13.3659,1,64,707
776,NAUKRI,Mar 2023,-2.98,15,-0.52,0.0081,12.8889,0.1408,154,358,-8,10.386,-228,108,512
777,NAUKRI,Mar 2024,23.46,28,1.97,0.0081,28.9714,0.0703,-150,852,44,23.4589,49,246,702
778,NESTLEIND,Dec 2013,12.27,21,47.17,0.5021,55.2703,1.4414,1355,441,12,2.4667,42,1189,1796
779,NESTLEIND,Dec 2014,12.02,21,41.77,0.007,151.8571,1.6933,1212,432,12,2.9552,51,20,1644
780,NESTLEIND,Dec 2015,6.89,19,19.99,0.0064,388,1.3432,1028,70,6,2.9344,83,18,1098
781,NESTLEIND,Dec 2016,10.95,20,30.5,0.0101,21.8681,1.3423,1340,126,10,3.4188,61,33,1466
782,NESTLEIND,Dec 2017,12.24,21,35.82,0.0102,24.7174,1.3595,1687,131,13,3.5625,68,35,1818
783,NESTLEIND,Dec 2018,14.23,23,43.75,0.0095,25.6875,1.3961,2000,52,17,3.826,69,35,2052
784,NESTLEIND,Dec 2019,15.91,24,102.61,0.0985,24.5969,1.7244,2378,83,20,1.9979,168,189,2295
785,NESTLEIND,Dec 2020,15.6,24,103.12,0.0728,20.4146,1.6899,2133,321,22,2.1031,93,147,2454
786,NESTLEIND,Dec 2021,14.37,24,108.84,0.1367,17.0792,1.7903,316,1920,22,2.0271,91,266,2236
787,NESTLEIND,Dec 2022,14.15,22,97.23,0.1102,24.6,1.8818,2345,392,25,2.5615,89,271,2737
788,NESTLEIND,Dec 2023,15.68,23,121.96,0.1102,38.5462,2.1301,2465,927,31,2.5615,56,271,3392
789,NESTLEIND,Mar 2024,16.12,24,117.75,0.1033,41.1862,2.3182,2938,1237,41,3.4792,79,345,4175
790,NHPC,Mar 2013,45.02,65,9.64,0.6827,9.4059,0.1023,1516,1330,2,0.2422,28,20340,2846
791,NHPC,Mar 2014,22.1,59,5.78,0.7371,4.3483,0.1203,2702,1122,1,0.2551,27,20819,3824
792,NHPC,Mar 2015,34.03,62,9.1,0.6692,5.1937,0.1338,3293,768,2,0.2778,27,20584,4061
793,NHPC,Mar 2016,28.31,57,7.47,0.6301,5.1353,0.133,5225,746,2,0.2858,81,19938,5971
794,NHPC,Mar 2017,40.36,57,11.99,0.6627,6.2921,0.1433,6465,1864,3,0.2828,61,19227,8329
795,NHPC,Mar 2018,35.91,55,9.27,0.6192,5.8799,0.1232,3810,886,2,0.2928,57,18602,4696
796,NHPC,Mar 2019,31.57,55,9.21,0.6191,7.4933,0.1346,2642,1182,3,0.3066,56,19066,3824
797,NHPC,Mar 2020,33.42,54,10.66,0.7401,6.5644,0.1404,6,2987,3,0.3124,52,23226,2993
798,NHPC,Mar 2021,37.31,55,10.89,0.7069,11.0295,0.1319,3463,1607,3,0.329,49,23365,5070
799,NHPC,Mar 2022,41.27,44,10.81,0.7473,8.5222,0.1183,1506,3084,4,0.3476,52,26096,4590
800,NHPC,Mar 2023,40.17,58,11.53,0.7992,14.5832,0.123,514,4191,4,0.368,48,29540,4705
801,NHPC,Mar 2024,41.82,50,10.41,0.8413,11.2434,0.1032,970,5968,4,0.3853,53,32561,6938
802,NTPC,Mar 2013,17.6,25,15.49,0.8668,9.2035,0.4,-337,16845,13,0.9853,38,70419,16508
803,NTPC,Mar 2014,14.56,25,13.06,0.9327,6.9013,0.3914,1022,15509,12,1.0592,42,81455,16531
804,NTPC,Mar 2015,12.5,22,12.17,1.2455,5.3666,0.3639,-1088,15977,10,0.9957,21,102252,14889
805,NTPC,Mar 2016,14.69,25,11.77,1.0857,5.8693,0.3267,4963,19162,11,1.1107,26,99424,24125
806,NTPC,Mar 2017,13.06,26,10.95,1.1629,6.1791,0.33,-4313,24480,11,1.1866,37,113773,20167
807,NTPC,Mar 2018,11.92,26,10.14,1.2557,6.3101,0.3118,-1008,20678,11,1.2561,40,130049,19670
808,NTPC,Mar 2019,13.99,23,12.6,1.5541,4.5545,0.2891,-5377,24063,14,1.1254,44,173058,18686
809,NTPC,Mar 2020,10.87,29,10.02,1.708,4.8596,0.2899,-5738,29628,12,1.201,27,202984,23890
810,NTPC,Mar 2021,13.42,31,11.9,1.6718,4.2351,0.2802,11410,21034,15,1.2967,41,210208,32444
811,NTPC,Mar 2022,12.78,30,12.53,1.5565,4.8177,0.319,18897,22891,17,1.396,41,210707,41788
812,NTPC,Mar 2023,9.72,27,11.65,1.5162,4.3817,0.394,21007,26145,17,1.5162,42,222913,47152
813,NTPC,Mar 2024,11.95,29,13.27,1.4755,4.605,0.3724,8644,32141,21,1.6573,36,237131,40785
814,ONGC,Mar 2013,14.81,27,15.73,0.1356,101.2169,0.6392,-1346,41220,19,3.5654,34,20686,39874
815,ONGC,Mar 2014,15.31,28,15.49,0.2853,90.2244,0.5358,-10363,63633,21,4.0241,31,49113,53270
816,ONGC,Mar 2015,11,26,9.81,0.2989,16.853,0.4763,3892,30058,14,4.2182,44,53944,33950
817,ONGC,Mar 2016,10.56,32,6.62,0.23,10.675,0.3629,8036,38256,10,4.624,56,45500,46292
818,ONGC,Mar 2017,10.33,19,15.01,0.4117,18.2478,0.6355,1965,43815,19,3.0292,40,80029,45780
819,ONGC,Mar 2018,8.08,18,12.78,0.5223,13.4663,0.7027,-10006,66798,17,3.1794,38,106550,56792
820,ONGC,Mar 2019,8.05,18,15.64,0.4967,14.4571,0.8564,24326,37132,24,3.4489,29,107742,61458
821,ONGC,Mar 2020,2.89,13,5.59,0.6313,7.0887,0.7804,17434,53159,9,3.2608,58,129473,70593
822,ONGC,Mar 2021,7.03,16,9.67,0.6027,11.9598,0.5609,8044,39141,13,3.5132,28,133187,47185
823,ONGC,Mar 2022,10.03,16,19,0.4701,15.2161,0.8422,37051,41197,36,4.1256,29,121986,78248
824,ONGC,Mar 2023,5.18,12,11.68,0.5069,9.5699,1.0313,11372,74690,28,4.4618,40,142255,86062
825,ONGC,Mar 2024,9.66,17,16.94,0.4544,11.3613,0.8332,42060,57203,39,5.3588,31,153181,99263
826,PFC,Mar 2013,25.63,35,18.74,5.8899,0.5456,0.1023,-25080,22,13,1.7939,21,139473,-25102
827,PFC,Mar 2014,25.52,36,19.85,5.785,0.5845,0.1102,-22464,9,17,2.085,22,159215,-22473
828,PFC,Mar 2015,24.03,34,18.52,5.7942,0.547,0.1092,-21946,491,18,2.4554,20,187795,-21455
829,PFC,Mar 2016,22.2,33,17.16,5.5696,0.5515,0.1127,-15271,1973,19,2.7294,30,200660,-13298
830,PFC,Mar 2017,8.11,19,6.07,5.5094,0.3164,0.1063,1128,667,7,1.3956,59,202993,1795
831,PFC,Mar 2018,18.09,24,22.08,11.0747,0.3894,0.0931,-55739,1409,20,1.5089,31,441151,-57148
832,PFC,Mar 2019,23.36,33,26.82,11.449,0.5163,0.086,-93715,13463,30,1.7849,0,539488,-80252
833,PFC,Mar 2020,15.24,23,19.18,12.0761,0.3456,0.0895,-42221,73,22,1.8712,35,596561,-42148
834,PFC,Mar 2021,21.93,28,25.86,10.8559,0.4457,0.0924,-57402,1741,36,2.3018,22,659682,-59143
835,PFC,Mar 2022,24.61,31,26.18,9.2147,0.5238,0.0964,4357,547,42,2.715,23,660476,4904
836,PFC,Mar 2023,27.26,34,25.17,8.9256,0.5646,0.0867,-76411,1694,48,3.1878,22,751158,-74717
837,PFC,Mar 2024,28.92,37,26.16,8.5219,0.5804,0.0881,-101229,3409,60,3.0651,23,861961,-97820
838,PIDILITIND,Mar 2013,11.53,15,25.68,0.0672,41.5625,1.406,328,144,8,3.2373,31,111,472
839,PIDILITIND,Mar 2014,10.51,16,23.05,0.0236,44.375,1.4628,295,99,9,3.8275,31,46,394
840,PIDILITIND,Mar 2015,10.61,16,22.64,0.0256,50.6875,1.4612,116,436,10,4.451,29,58,552
841,PIDILITIND,Mar 2016,15.05,22,30.59,0.0303,96.4615,1.4435,416,491,16,5.1725,26,80,907
842,PIDILITIND,Mar 2017,15.36,22,24.86,0.0282,98.3571,1.1776,-85,879,17,6.8059,28,98,794
843,PIDILITIND,Mar 2018,15.89,22,27.03,0.035,93.375,1.1691,835,39,19,7.0078,32,125,796
844,PIDILITIND,Mar 2019,13.11,19,22.37,0.0272,57.7308,1.1988,332,513,18,8.1333,36,113,845
845,PIDILITIND,Mar 2020,15.38,22,25.18,0.0646,49.2059,1.1182,1383,103,22,8.7373,32,288,1280
846,PIDILITIND,Mar 2021,15.44,23,20.13,0.0592,47.5676,0.8274,-296,1688,22,10.9667,38,331,1392
847,PIDILITIND,Mar 2022,12.17,19,18.85,0.065,45.119,1.045,397,558,24,12.5569,42,416,955
848,PIDILITIND,Mar 2023,10.92,17,17.87,0.0542,42.5208,1.1232,659,899,25,14.1412,44,391,1558
849,PIDILITIND,Mar 2024,14.11,22,20.78,0.0454,54.3333,1.0254,955,1769,34,16.4843,47,382,2724
850,PNB,Mar 2013,11.66,,812.3,10.8333,,5.6265,-1292,600,28,1.236,19,6695,-692
851,PNB,Mar 2013,11.66,,812.3,10.8333,,5.6265,-1292,600,28,1.236,19,6695,-692
852,PNB,Mar 2013,11.66,,812.3,10.8333,,5.6265,-1292,600,28,1.236,19,6695,-692
853,PNB,Mar 2013,11.66,,812.3,10.8333,,5.6265,-1292,600,28,1.236,19,6695,-692
854,PNB,Mar 2013,11.66,,812.3,10.8333,,5.6265,-1292,600,28,1.236,19,6695,-692
855,PNB,Mar 2014,8.17,,393.36,10.8223,,3.8958,16604,302,20,1.4152,10,10108,16906
856,PNB,Mar 2014,8.17,,393.36,10.8223,,3.8958,16604,302,20,1.4152,10,10108,16906
857,PNB,Mar 2014,8.17,,393.36,10.8223,,3.8958,16604,302,20,1.4152,10,10108,16906
858,PNB,Mar 2014,8.17,,393.36,10.8223,,3.8958,16604,302,20,1.4152,10,10108,16906
859,PNB,Mar 2014,8.17,,393.36,10.8223,,3.8958,16604,302,20,1.4152,10,10108,16906
860,PNB,Mar 2015,7.24,,223.24,10.4376,,2.559,3942,872,18,1.5183,18,16481,4814
861,PNB,Mar 2015,7.24,,223.24,10.4376,,2.559,3942,872,18,1.5183,18,16481,4814
862,PNB,Mar 2015,7.24,,223.24,10.4376,,2.559,3942,872,18,1.5183,18,16481,4814
863,PNB,Mar 2015,7.24,,223.24,10.4376,,2.559,3942,872,18,1.5183,18,16481,4814
864,PNB,Mar 2015,7.24,,223.24,10.4376,,2.559,3942,872,18,1.5183,18,16481,4814
865,PNB,Mar 2016,-6.91,,-163.56,12.1221,,1.7122,12815,1352,-19,1.6898,-2,26014,14167
866,PNB,Mar 2016,-6.91,,-163.56,12.1221,,1.7122,12815,1352,-19,1.6898,-2,26014,14167
867,PNB,Mar 2016,-6.91,,-163.56,12.1221,,1.7122,12815,1352,-19,1.6898,-2,26014,14167
868,PNB,Mar 2016,-6.91,,-163.56,12.1221,,1.7122,12815,1352,-19,1.6898,-2,26014,14167
869,PNB,Mar 2016,-6.91,,-163.56,12.1221,,1.7122,12815,1352,-19,1.6898,-2,26014,14167
870,PNB,Mar 2017,2.58,,22.21,6.3638,,1.1187,22097,159,6,3.3602,0,35497,21938
871,PNB,Mar 2017,2.58,,22.21,6.3638,,1.1187,22097,159,6,3.3602,0,35497,21938
872,PNB,Mar 2017,2.58,,22.21,6.3638,,1.1187,22097,159,6,3.3602,0,35497,21938
873,PNB,Mar 2017,2.58,,22.21,6.3638,,1.1187,22097,159,6,3.3602,0,35497,21938
874,PNB,Mar 2017,2.58,,22.21,6.3638,,1.1187,22097,159,6,3.3602,0,35497,21938
875,PNB,Mar 2018,-24.86,,-184.37,8.1865,,0.7732,-1350,392,-44,3.9335,0,53777,-1742
876,PNB,Mar 2018,-24.86,,-184.37,8.1865,,0.7732,-1350,392,-44,3.9335,0,53777,-1742
877,PNB,Mar 2018,-24.86,,-184.37,8.1865,,0.7732,-1350,392,-44,3.9335,0,53777,-1742
878,PNB,Mar 2018,-24.86,,-184.37,8.1865,,0.7732,-1350,392,-44,3.9335,0,53777,-1742
879,PNB,Mar 2018,-24.86,,-184.37,8.1865,,0.7732,-1350,392,-44,3.9335,0,53777,-1742
880,PNB,Mar 2019,-18.31,,-128.45,9.665,,0.6227,-34161,629,-21,4.4521,0,71859,-33532
881,PNB,Mar 2019,-18.31,,-128.45,9.665,,0.6227,-34161,629,-21,4.4521,0,71859,-33532
882,PNB,Mar 2019,-18.31,,-128.45,9.665,,0.6227,-34161,629,-21,4.4521,0,71859,-33532
883,PNB,Mar 2019,-18.31,,-128.45,9.665,,0.6227,-34161,629,-21,4.4521,0,71859,-33532
884,PNB,Mar 2019,-18.31,,-128.45,9.665,,0.6227,-34161,629,-21,4.4521,0,71859,-33532
885,PNB,Mar 2020,0.88,,6.1,8.5235,,0.6963,-13131,338,1,4.7304,0,67736,-12793
886,PNB,Mar 2020,0.88,,6.1,8.5235,,0.6963,-13131,338,1,4.7304,0,67736,-12793
887,PNB,Mar 2020,0.88,,6.1,8.5235,,0.6963,-13131,338,1,4.7304,0,67736,-12793
888,PNB,Mar 2020,0.88,,6.1,8.5235,,0.6963,-13131,338,1,4.7304,0,67736,-12793
889,PNB,Mar 2020,0.88,,6.1,8.5235,,0.6963,-13131,338,1,4.7304,0,67736,-12793
890,PNB,Mar 2021,3.29,,30.39,6.6983,,1.1486,30163,787,2,5.278,0,59394,30950
891,PNB,Mar 2021,3.29,,30.39,6.6983,,1.1486,30163,787,2,5.278,0,59394,30950
892,PNB,Mar 2021,3.29,,30.39,6.6983,,1.1486,30163,787,2,5.278,0,59394,30950
893,PNB,Mar 2021,3.29,,30.39,6.6983,,1.1486,30163,787,2,5.278,0,59394,30950
894,PNB,Mar 2021,3.29,,30.39,6.6983,,1.1486,30163,787,2,5.278,0,59394,30950
895,PNB,Mar 2022,5.13,,39.87,5.4036,,1.1614,18828,1204,4,5.7994,18,52961,20032
896,PNB,Mar 2022,5.13,,39.87,5.4036,,1.1614,18828,1204,4,5.7994,18,52961,20032
897,PNB,Mar 2022,5.13,,39.87,5.4036,,1.1614,18828,1204,4,5.7994,18,52961,20032
898,PNB,Mar 2022,5.13,,39.87,5.4036,,1.1614,18828,1204,4,5.7994,18,52961,20032
899,PNB,Mar 2022,5.13,,39.87,5.4036,,1.1614,18828,1204,4,5.7994,18,52961,20032
900,PNB,Mar 2023,3.87,,30.67,4.8956,,1.3,21860,732,3,6.4811,21,53621,22592
901,PNB,Mar 2023,3.87,,30.67,4.8956,,1.3,21860,732,3,6.4811,21,53621,22592
902,PNB,Mar 2023,3.87,,30.67,4.8956,,1.3,21860,732,3,6.4811,21,53621,22592
903,PNB,Mar 2023,3.87,,30.67,4.8956,,1.3,21860,732,3,6.4811,21,53621,22592
904,PNB,Mar 2023,3.87,,30.67,4.8956,,1.3,21860,732,3,6.4811,21,53621,22592
905,PNB,Mar 2024,8.4,,61.32,3.6843,,1.507,-29445,1506,8,5.7435,18,55017,-27939
906,PNB,Mar 2024,8.4,,61.32,3.6843,,1.507,-29445,1506,8,5.7435,18,55017,-27939
907,PNB,Mar 2024,8.4,,61.32,3.6843,,1.507,-29445,1506,8,5.7435,18,55017,-27939
908,PNB,Mar 2024,8.4,,61.32,3.6843,,1.507,-29445,1506,8,5.7435,18,55017,-27939
909,PNB,Mar 2024,8.4,,61.32,3.6843,,1.507,-29445,1506,8,5.7435,18,55017,-27939
910,POWERGRID,Mar 2013,32.97,83,16.34,2.6222,4.5414,0.1154,-10394,22084,5,0.5703,31,69233,11690
911,POWERGRID,Mar 2013,32.97,83,16.34,2.6222,4.5414,0.1154,-10394,22084,5,0.5703,31,69233,11690
912,POWERGRID,Mar 2014,29.24,83,13.11,2.4272,4.2077,0.1099,-11416,26639,5,0.6632,30,84220,15223
913,POWERGRID,Mar 2014,29.24,83,13.11,2.4272,4.2077,0.1099,-11416,26639,5,0.6632,30,84220,15223
914,POWERGRID,Mar 2015,28.77,85,13.13,2.5038,3.8368,0.1091,-8385,24185,5,0.7347,21,96243,15800
915,POWERGRID,Mar 2015,28.77,85,13.13,2.5038,3.8368,0.1091,-8385,24185,5,0.7347,21,96243,15800
916,POWERGRID,Mar 2016,28.85,88,13.55,2.4686,3.7043,0.1152,-6568,21576,6,0.8404,20,108545,15008
917,POWERGRID,Mar 2016,28.85,88,13.55,2.4686,3.7043,0.1152,-6568,21576,6,0.8404,20,108545,15008
918,POWERGRID,Mar 2017,29,87,14.94,2.3862,3.769,0.1313,-2261,23836,8,0.9531,31,118988,21575
919,POWERGRID,Mar 2017,29,87,14.94,2.3862,3.769,0.1313,-2261,23836,8,0.9531,31,118988,21575
920,POWERGRID,Mar 2018,27.39,87,15.07,2.4162,4.0997,0.1329,-2991,25701,9,1.0403,33,131503,22710
921,POWERGRID,Mar 2018,27.39,87,15.07,2.4162,4.0997,0.1329,-2991,25701,9,1.0403,33,131503,22710
922,POWERGRID,Mar 2019,28.62,77,16.98,2.4772,3.2534,0.1417,4544,18727,11,1.1294,43,146376,23271
923,POWERGRID,Mar 2019,28.62,77,16.98,2.4772,3.2534,0.1417,4544,18727,11,1.1294,43,146376,23271
924,POWERGRID,Mar 2020,29.3,87,17.09,2.2918,3.755,0.1471,20006,10733,12,1.2365,47,148270,30739
925,POWERGRID,Mar 2020,29.3,87,17.09,2.2918,3.755,0.1471,20006,10733,12,1.2365,47,148270,30739
926,POWERGRID,Mar 2021,30.36,88,17.21,2.048,4.3854,0.155,20159,9244,13,1.3367,52,143232,29403
927,POWERGRID,Mar 2021,30.36,88,17.21,2.048,4.3854,0.155,20159,9244,13,1.3367,52,143232,29403
928,POWERGRID,Mar 2022,40.42,86,22.07,1.7666,5.0421,0.1659,26877,753,18,1.0931,61,134696,26124
929,POWERGRID,Mar 2022,40.42,86,22.07,1.7666,5.0421,0.1659,26877,753,18,1.0931,61,134696,26124
930,POWERGRID,Mar 2023,33.81,87,18.57,1.5487,4.2214,0.1808,33065,7138,17,1.1903,67,128584,40203
931,POWERGRID,Mar 2023,33.81,87,18.57,1.5487,4.2214,0.1808,33065,7138,17,1.1903,67,128584,40203
932,POWERGRID,Mar 2024,33.97,87,17.87,1.4173,4.603,0.1828,24176,13114,17,0.937,67,123516,37290
933,POWERGRID,Mar 2024,33.97,87,17.87,1.4173,4.603,0.1828,24176,13114,17,0.937,67,123516,37290
934,RECLTD,Mar 2013,28.11,97,21.87,6.1473,1.6422,0.1044,-19907,152,15,1.7761,21,107762,-20059
935,RECLTD,Mar 2014,27.53,97,22.79,6.0651,1.6598,0.1126,-17108,136,18,2.1077,20,126173,-17244
936,RECLTD,Mar 2015,26.01,94,21.31,6.0218,1.6386,0.112,-23747,151,20,2.5402,20,150979,-23898
937,RECLTD,Mar 2016,23.59,93,19.7,5.8565,1.5718,0.1166,-14034,756,22,2.9274,30,169212,-13278
938,RECLTD,Mar 2017,25.94,92,18.75,4.9851,1.6694,0.1158,6704,101,24,1.7049,30,167852,6805
939,RECLTD,Mar 2018,19.64,85,13.66,6.2712,1.4473,0.0935,-32464,46,17,1.65,41,204367,-32510
940,RECLTD,Mar 2019,22.6,93,16.62,7.0703,1.5179,0.0851,-35409,457,22,1.7492,38,244249,-35866
941,RECLTD,Mar 2020,16.61,87,14.05,8.0879,1.3708,0.0863,-32591,121,19,1.7923,44,286289,-32712
942,RECLTD,Mar 2021,23.56,91,19.14,7.5341,1.5022,0.0887,-42651,861,32,2.2159,30,329723,-43512
943,RECLTD,Mar 2022,25.55,88,19.56,6.4903,1.5646,0.0956,-1106,287,38,2.5982,30,333043,-819
944,RECLTD,Mar 2023,28.28,95,19.21,6.5518,1.5867,0.0848,-38303,943,42,2.2074,30,380790,-37360
945,RECLTD,Mar 2024,29.77,101,20.4,6.4249,1.6005,0.0867,-59554,1831,54,2.6339,30,445568,-57723
946,RELIANCE,Mar 2013,5.27,8,11.47,0.5889,11.814,1.0927,9317,27601,15,6.2008,13,107219,36918
947,RELIANCE,Mar 2014,5.2,8,11.35,0.6984,11.4181,1.0109,-29809,73070,16,6.7581,12,138761,43261
948,RELIANCE,Mar 2015,6.31,10,10.82,0.77,13.8652,0.7421,-30332,64706,17,7.4244,12,168251,34374
949,RELIANCE,Mar 2016,10.95,15,12.9,0.8409,14.6283,0.4551,1948,36186,22,7.8547,10,194714,38134
950,RELIANCE,Mar 2017,9.81,15,11.31,0.8247,14.4269,0.43,-16651,66201,22,8.9121,11,217475,49550
951,RELIANCE,Mar 2018,9.23,16,12.29,0.8172,9.2131,0.4817,3267,68192,27,4.9562,10,239843,71459
952,RELIANCE,Mar 2019,7.01,15,10.29,0.7949,5.6172,0.5697,-52161,94507,29,6.5324,10,307714,42346
953,RELIANCE,Mar 2020,6.68,15,8.88,0.7906,4.4416,0.513,22380,72497,29,7.0858,10,355133,94877
954,RELIANCE,Mar 2021,11.52,17,7.68,0.3984,4.8715,0.3532,-115427,142385,39,10.8638,9,278962,26958
955,RELIANCE,Mar 2022,9.77,16,8.7,0.4094,8.7892,0.4635,1492,109162,45,11.5223,9,319158,110654
956,RELIANCE,Mar 2023,8.45,16,10.35,0.6309,7.8861,0.5457,22031,93001,49,10.5804,9,451664,115032
957,RELIANCE,Mar 2024,8.79,18,9.96,0.5785,7.7289,0.5123,45207,113581,51,11.7275,10,458991,158788
958,SBILIFE,Mar 2013,4.24,3,23.03,0,179.75,0.2768,903,227,6,0.2736,8,0,1130
959,SBILIFE,Mar 2014,4.22,3,21.69,0,171,0.2846,-542,708,7,0.3356,14,0,166
960,SBILIFE,Mar 2015,3.48,3,20.09,0,244.25,0.3157,2533,178,8,0.4056,15,0,2711
961,SBILIFE,Mar 2016,4.37,5,17.83,0,209.8,0.2316,-1426,7204,8,0.4733,14,0,5778
962,SBILIFE,Mar 2017,3.13,4,17.2,0,241.4,0.2988,-507,9032,10,0.5552,16,0,8525
963,SBILIFE,Mar 2018,3.38,4,17.62,0,248,0.2799,1485,8910,12,0.6528,17,0,10395
964,SBILIFE,Mar 2019,2.98,3,17.52,0,217.5,0.304,-79,13552,13,0.7576,15,0,13473
965,SBILIFE,Mar 2020,3.25,3,16.26,0,,0.2645,2313,16986,14,0.8743,0,0,19299
966,SBILIFE,Mar 2021,1.78,1,14,0,,0.3611,4675,19203,15,1.04,17,0,23878
967,SBILIFE,Mar 2022,1.81,1,12.96,0,,0.3036,241,21611,15,1.1622,13,0,21852
968,SBILIFE,Mar 2023,2.13,0,13.22,0,198.4,0.2563,-1547,30203,17,1.3005,15,0,28656
969,SBILIFE,Mar 2024,1.43,0,12.7,0,240.3333,0.3314,-2099,31221,19,1.4893,14,0,29122
970,SHREECEM,Jun 2013,18.53,29,26.12,0.3351,9.057,0.8795,990,270,288,10.9829,7,1288,1260
971,SHREECEM,Jun 2014,13.77,24,16.71,0.2547,11.5814,0.7798,167,1234,226,13.46,10,1200,1401
972,SHREECEM,Jun 2015,6.81,21,8.07,0.1738,11.9504,0.7826,249,990,122,15.0743,20,917,1239
973,SHREECEM,Mar 2017,15.58,29,17.39,0.168,22.2868,0.7697,154,2048,384,21.9943,36,1293,2202
974,SHREECEM,Mar 2018,14.08,25,15.56,0.3825,21.2,0.6494,-1716,3595,397,25.42,13,3403,1879
975,SHREECEM,Mar 2019,8.08,22,10.5,0.2898,11.5565,0.8104,1360,720,289,27.6314,21,2803,2080
976,SHREECEM,Mar 2020,12,29,11.72,0.2389,13.8625,0.6452,-1617,5590,426,36.5806,26,3146,3973
977,SHREECEM,Mar 2021,17.23,30,15.18,0.1448,17.996,0.6303,1603,2651,646,42.7694,9,2230,4254
978,SHREECEM,Mar 2022,8.45,25,7.27,0.1219,16.1749,0.632,525,2143,352,48.5,14,2129,2668
979,SHREECEM,Mar 2023,13.27,17,12.71,0.1462,13,0.6779,164,2405,664,51.7667,28,2725,2569
980,SHREECEM,Mar 2024,8.45,22,8.37,0.08,19.8256,0.7349,1929,1418,480,57.5083,16,1656,3347
981,SHRIRAMFIN,Mar 2013,20.87,31,19.94,4.5497,0.707,0.1483,-8400,41,12,3.2326,11,33386,-8359
982,SHRIRAMFIN,Mar 2014,16.02,24,15.96,4.5394,0.4732,0.162,-4167,112,11,3.7489,12,38630,-4055
983,SHRIRAMFIN,Mar 2015,11.2,18,11.09,5.0394,0.3598,0.1476,-9656,45,8,4.0819,22,46695,-9611
984,SHRIRAMFIN,Mar 2016,11.43,18,11.64,4.8929,0.3591,0.1523,-5543,36,9,4.4828,19,49790,-5507
985,SHRIRAMFIN,Mar 2017,11.61,18,11.17,4.6841,0.378,0.1465,-2679,2,10,4.9921,7,53080,-2677
986,SHRIRAMFIN,Mar 2018,18.88,28,18.62,5.9993,0.6135,0.1387,-13056,86,20,6.0308,10,82131,-13142
987,SHRIRAMFIN,Mar 2019,16.58,24,16.14,5.5074,0.5052,0.1474,-5611,76,20,7.0322,11,87914,-5535
988,SHRIRAMFIN,Mar 2020,15.17,22,13.85,5.2219,0.4305,0.1449,-2519,55,20,7.9921,5,94735,-2464
989,SHRIRAMFIN,Mar 2021,14.34,20,11.51,4.9061,0.3758,0.1341,-4264,25,18,8.5838,18,106546,-4239
990,SHRIRAMFIN,Mar 2022,14.13,19,10.43,4.4011,0.377,0.1353,-8893,34,20,9.6292,20,114846,-8859
991,SHRIRAMFIN,Mar 2023,19.74,29,13.84,3.7737,0.6788,0.1448,-12549,5076,32,11.6342,22,164202,-17625
992,SHRIRAMFIN,Mar 2024,20.33,29,15.12,3.994,0.6767,0.1466,-31359,258,39,13.0178,23,195496,-31101
993,SIEMENS,Sep 2011,7.26,10,22.75,0,56.5385,1.1769,267,264,,5.6118,24,0,3
994,SIEMENS,Sep 2014,5.65,1,13.78,0,35.6129,1.0377,738,130,17,6.162,35,0,608
995,SIEMENS,Sep 2015,11.11,9,22.94,0.0049,64.7,0.9988,1220,646,33,7.207,30,25,574
996,SIEMENS,Sep 2016,26.89,9,42.83,0.0037,379.7273,0.9041,750,237,82,9.5817,41,25,513
997,SIEMENS,Sep 2017,10.28,10,14.79,0,234.25,0.8422,1894,1321,32,10.831,22,0,573
998,SIEMENS,Sep 2018,7.04,10,10.86,0,200.875,0.8925,-74,174,25,11.6887,28,0,100
999,SIEMENS,Sep 2019,8.4,11,12.14,0,157.3333,0.8519,138,1135,31,12.7451,23,0,1273
1000,SIEMENS,Sep 2020,7.73,10,8.1,0,43.9333,0.6271,1591,871,22,13.369,32,0,720
1001,SIEMENS,Sep 2021,8.25,11,10.52,0.0004,73.875,0.7326,-967,2389,31,14.5732,26,4,1422
1002,SIEMENS,Sep 2022,9.56,12,13.29,0.0157,65.1944,0.8025,944,34,43,16.3521,23,182,978
1003,SIEMENS,Sep 2023,10.03,13,14.99,0.0134,129.6957,0.9034,641,759,55,18.4324,18,175,1400
1004,SIEMENS,Sep 2024,12.22,14,17.7,0.0182,67.15,0.8791,1168,502,76,21.6296,16,279,1670
1005,SUNPHARMA,Mar 2013,31.17,43,23.14,0.0173,109.1628,0.5463,982,2375,14,14.4135,9,260,3357
1006,SUNPHARMA,Mar 2014,24.12,44,20.94,0.1382,114.4318,0.5527,1783,2176,15,8.9493,10,2561,3959
1007,SUNPHARMA,Mar 2015,19.99,29,21.36,0.3509,14.1226,0.5622,4114,1502,22,12.3855,14,8996,5616
1008,SUNPHARMA,Mar 2016,19.86,29,17.15,0.2576,15.5488,0.5139,2737,3949,19,13.6859,5,8497,6686
1009,SUNPHARMA,Mar 2017,24.85,32,21.41,0.2683,26.78,0.5169,2896,4186,29,15.2667,12,9832,7082
1010,SUNPHARMA,Mar 2018,9.6,21,6.63,0.271,10.61,0.412,803,3104,9,15.9642,23,10385,3907
1011,SUNPHARMA,Mar 2019,11.04,22,7.75,0.2539,11.0252,0.45,1886,310,11,17.2538,25,10514,2196
1012,SUNPHARMA,Mar 2020,12.7,21,9.22,0.1837,24.3069,0.4815,4330,2225,16,18.8604,25,8315,6555
1013,SUNPHARMA,Mar 2021,6.78,25,4.89,0.0833,35.6099,0.4954,6577,407,12,19.3596,62,3869,6170
1014,SUNPHARMA,Mar 2022,8.77,27,7.06,0.0269,53.1732,0.554,3429,5556,14,20.0046,73,1290,8985
1015,SUNPHARMA,Mar 2023,19.4,27,15.2,0.123,70.4012,0.5437,-2261,7220,35,23.3313,33,6886,4959
1016,SUNPHARMA,Mar 2024,19.82,28,15.09,0.0514,58.3319,0.5685,11372,763,40,26.5279,34,3274,12135
1017,TATACONSUM,Mar 2013,6.05,10,9.25,0.2888,9.8333,0.8359,197,24,6,7.7581,36,1389,173
1018,TATACONSUM,Mar 2014,6.59,10,8.72,0.2459,10.5977,0.7807,421,1,7,9.4339,29,1438,422
1019,TATACONSUM,Mar 2015,3.42,10,4.97,0.241,8.7195,0.8451,211,207,4,8.8597,6,1324,418
1020,TATACONSUM,Mar 2016,-0.56,6,-0.59,0.2167,3.453,0.6707,261,145,0,9.9159,-999,1354,116
1021,TATACONSUM,Mar 2017,6.71,12,7.26,0.1256,20.4419,0.7099,886,145,6,9.9444,38,787,741
1022,TATACONSUM,Mar 2018,8.16,12,7.91,0.1519,17.5385,0.6515,325,31,8,11.1603,30,1068,356
1023,TATACONSUM,Mar 2019,6.3,11,6.23,0.1556,11.6667,0.6665,263,53,6,11.6381,39,1141,210
1024,TATACONSUM,Mar 2020,4.77,13,3.33,0.1148,16.3623,0.5217,460,622,5,15.0163,54,1586,1082
1025,TATACONSUM,Mar 2021,8.02,13,6.4,0.1124,22.3973,0.5738,1310,346,9,15.7978,44,1634,1656
1026,TATACONSUM,Mar 2022,8.17,14,6.7,0.0933,20.7701,0.5896,199,1317,10,16.4587,60,1412,1516
1027,TATACONSUM,Mar 2023,9.58,13,8.11,0.0983,16.8,0.6055,627,834,12,17.5022,65,1600,1461
1028,TATACONSUM,Mar 2024,7.99,15,7.57,0.2165,25.3218,0.5454,26,1911,12,16.9021,64,3477,1937
1029,TATAMOTORS,Mar 2013,5.28,13,26.51,1.4272,6.9688,1.1216,-806,22969,35,5.8992,6,53716,22163
1030,TATAMOTORS,Mar 2014,6.03,15,21.42,0.9244,7.306,1.066,8160,27991,48,10.187,5,60642,36151
1031,TATAMOTORS,Mar 2015,5.35,15,25.01,1.3083,8.2191,1.1089,-701,36232,48,8.7363,0,73610,35531
1032,TATAMOTORS,Mar 2016,4.28,14,14.79,0.8785,7.3072,1.0375,1206,36694,40,11.6277,1,69360,37900
1033,TATAMOTORS,Mar 2017,2.8,11,13.02,1.3538,7.4228,0.9894,-9372,39571,26,8.5511,0,78604,30199
1034,TATAMOTORS,Mar 2018,3.12,11,9.53,0.9321,7.9861,0.8911,-1282,25139,31,14.0542,0,88950,23857
1035,TATAMOTORS,Mar 2019,-9.51,8,-47.73,1.7643,-0.3511,0.9877,-1987,20878,-100,8.8629,0,106175,18891
1036,TATAMOTORS,Mar 2020,-4.59,7,-18.98,1.9783,2.4974,0.8154,-6482,33115,-39,8.761,0,124788,26633
1037,TATAMOTORS,Mar 2021,-5.36,13,-24.25,2.5726,2.6144,0.7313,3329,25672,-41,7.2124,0,142131,29001
1038,TATAMOTORS,Mar 2022,-4.06,9,-25.38,3.2865,2.9149,0.8462,9839,4444,-34,5.8174,0,146449,14283
1039,TATAMOTORS,Mar 2023,0.78,9,5.94,2.9591,3.7633,1.0337,19971,15417,7,5.9167,32,134113,35388
1040,TATAMOTORS,Mar 2024,7.26,14,37.46,1.2631,6.5302,1.1851,45133,22782,94,11.0859,7,107262,67915
1041,TATAPOWER,Mar 2013,0.37,17,1,3.0711,2.2597,0.4933,-740,4026,0,5.2046,-319,37882,3286
1042,TATAPOWER,Mar 2014,0.03,19,0.1,3.2395,2.077,0.5005,2874,3609,-1,5.2325,-114,40173,6483
1043,TATAPOWER,Mar 2015,1.36,19,3.19,2.8361,1.9889,0.4468,2116,3865,1,5.303,210,40607,5981
1044,TATAPOWER,Mar 2016,2.66,7,6.76,3.3396,1.9051,0.421,5610,1805,2,4.3085,53,38849,7415
1045,TATAPOWER,Mar 2017,3.99,20,8.32,3.6942,2.0119,0.3331,-359,7373,3,4.8941,39,48815,7014
1046,TATAPOWER,Mar 2018,9.73,9,15.92,2.9629,2.3613,0.3277,4852,1512,9,6.0737,15,48589,6364
1047,TATAPOWER,Mar 2019,8.72,10,14.24,2.6499,2.4595,0.3554,4302,272,9,6.7796,15,48506,4574
1048,TATAPOWER,Mar 2020,4.52,23,6.73,2.6544,2.0216,0.3249,6882,493,4,7.2467,41,51936,7375
1049,TATAPOWER,Mar 2021,4.4,21,6.45,2.0924,2.1686,0.3315,9338,993,4,6.9759,44,46708,8345
1050,TATAPOWER,Mar 2022,5.04,16,9.61,2.2812,2.4662,0.3804,443,6250,5,7.0131,32,51195,6693
1051,TATAPOWER,Mar 2023,6.91,14,13.23,1.8384,3.0348,0.4302,-97,7263,10,8.9962,19,52923,7166
1052,TATAPOWER,Mar 2024,6.97,17,13.23,1.6593,3.0544,0.4419,3569,9027,12,10.1113,17,53689,12596
1053,TATASTEEL,Mar 2013,-5.4,3,-21.28,2.0054,1.3634,0.9172,936,13099,-6,3.5193,-11,68529,14035
1054,TATASTEEL,Mar 2014,2.47,11,9.04,2.0139,3.8967,0.866,-2232,15378,3,4.1743,27,81629,13146
1055,TATASTEEL,Mar 2015,-2.82,2,-12.56,2.5743,1.9396,0.8768,2859,9021,-3,3.2285,-20,80701,11880
1056,TATASTEEL,Mar 2016,-0.49,-1,-1.14,1.8748,2.303,0.5765,2661,8794,0,4.5085,-203,81987,11455
1057,TATASTEEL,Mar 2017,-3.71,12,-11.02,2.195,1.8444,0.6512,1334,9490,-4,3.8989,-23,83014,10824
1058,TATASTEEL,Mar 2018,14.4,17,29.15,1.5138,5.9269,0.5905,-3707,11730,12,5.3162,9,92147,8023
1059,TATASTEEL,Mar 2019,5.79,19,13.23,1.4627,4.0264,0.6774,-3840,29176,9,6.0197,15,100816,25336
1060,TATASTEEL,Mar 2020,0.84,12,1.6,1.5811,1.9354,0.5612,6157,14012,1,6.4259,74,116328,20169
1061,TATASTEEL,Mar 2021,5.24,20,11.03,1.1921,4.0337,0.6408,34890,9437,6,6.1969,40,88501,44327
1062,TATASTEEL,Mar 2022,17.11,26,36.48,0.6603,11.862,0.8638,33476,10905,33,9.3729,16,75561,44381
1063,TATASTEEL,Mar 2023,3.32,13,7.83,0.8235,5.3769,0.8527,3504,18179,7,8.4424,50,84893,21683
1064,TATASTEEL,Mar 2024,-2.14,10,-5.33,0.9462,2.1634,0.8509,6048,14253,-4,7.3805,-101,87082,20301
1065,TCS,Mar 2013,22.35,29,36.52,0.0086,400.375,1.2129,5577,6038,36,19.6663,31,332,11615
1066,TCS,Mar 2014,23.63,31,39.3,0.006,686.9231,1.2242,5299,9452,49,25.0995,33,297,14751
1067,TCS,Mar 2015,21.19,26,39.62,0.0071,271.1731,1.2909,17562,1807,51,25.8342,78,358,19369
1068,TCS,Mar 2016,22.4,28,34.24,0.0034,1023.0606,1.2305,14099,5010,62,36.0772,35,245,19109
1069,TCS,Mar 2017,22.34,27,30.57,0.0034,1141.625,1.1528,8328,16895,67,43.7635,35,289,25223
1070,TCS,Mar 2018,21.02,26,30.4,0.0029,695.3462,1.171,28171,3104,67,44.5696,37,247,25067
1071,TCS,Mar 2019,21.55,27,35.29,0.0007,221.298,1.2859,30238,1645,84,23.8523,36,62,28593
1072,TCS,Mar 2020,20.67,27,38.57,0.0972,50.5422,1.3065,41337,8968,86,22.4336,85,8174,32369
1073,TCS,Mar 2021,19.83,28,37.67,0.0902,76.0785,1.263,30846,7956,88,23.3603,43,7795,38802
1074,TCS,Mar 2022,20.05,28,43.13,0.0877,72.7997,1.3607,39211,738,105,24.3549,41,7818,39949
1075,TCS,Mar 2023,18.76,26,46.78,0.085,80.4981,1.5782,42513,548,115,24.706,100,7688,41965
1076,TCS,Mar 2024,19.14,27,50.94,0.0886,87.0951,1.6559,50429,6091,127,24.997,58,8021,44338
1077,TECHM,Mar 2013,19.02,21,24.09,0.2543,12.4369,0.765,233,622,25,4.2391,5,1380,855
1078,TECHM,Mar 2013,19.02,21,24.09,0.2543,12.4369,0.765,233,622,25,4.2391,5,1380,855
1079,TECHM,Mar 2014,16.29,22,33.35,0.0395,55.2,1.1795,1887,291,32,3.9239,15,363,1596
1080,TECHM,Mar 2014,16.29,22,33.35,0.0395,55.2,1.1795,1887,291,32,3.9239,15,363,1596
1081,TECHM,Mar 2015,11.75,19,21.71,0.0572,62.3043,1.1397,583,1865,27,2.5517,22,700,2448
1082,TECHM,Mar 2015,11.75,19,21.71,0.0572,62.3043,1.1397,583,1865,27,2.5517,22,700,2448
1083,TECHM,Mar 2016,11.43,16,20.75,0.0748,48.5876,1.1762,1684,1453,31,3.3466,35,1091,3137
1084,TECHM,Mar 2016,11.43,16,20.75,0.0748,48.5876,1.1762,1684,1453,31,3.3466,35,1091,3137
1085,TECHM,Mar 2017,9.78,14,17.35,0.0831,38.4419,1.1184,1178,2893,29,3.7442,28,1366,4071
1086,TECHM,Mar 2017,9.78,14,17.35,0.0831,38.4419,1.1184,1178,2893,29,3.7442,28,1366,4071
1087,TECHM,Mar 2018,12.3,15,20.09,0.1272,37.821,1.0112,235,3319,39,4.2631,33,2397,3554
1088,TECHM,Mar 2018,12.3,15,20.09,0.1272,37.821,1.0112,235,3319,39,4.2631,33,2397,3554
1089,TECHM,Mar 2019,12.35,18,21.14,0.0984,51.1654,1.0387,2328,2104,44,4.5687,29,1996,4432
1090,TECHM,Mar 2019,12.35,18,21.14,0.0984,51.1654,1.0387,2328,2104,44,4.5687,29,1996,4432
1091,TECHM,Mar 2020,10.57,15,17.87,0.1682,34.8698,0.9879,5439,1081,42,5.003,32,3670,4358
1092,TECHM,Mar 2020,10.57,15,17.87,0.1682,34.8698,0.9879,5439,1081,42,5.003,32,3670,4358
1093,TECHM,Mar 2021,11.5,18,17.51,0.1167,43.5862,0.9559,2661,5433,46,5.6899,89,2901,8094
1094,TECHM,Mar 2021,11.5,18,17.51,0.1167,43.5862,0.9559,2661,5433,46,5.6899,89,2901,8094
1095,TECHM,Mar 2022,12.61,18,20.94,0.0974,56.0429,1.0052,5765,480,57,6.1244,47,2618,5285
1096,TECHM,Mar 2022,12.61,18,20.94,0.0974,56.0429,1.0052,5765,480,57,6.1244,47,2618,5285
1097,TECHM,Mar 2023,9.11,15,17.39,0.0981,26.773,1.1629,5346,226,50,6.3464,91,2740,5572
1098,TECHM,Mar 2023,9.11,15,17.39,0.0981,26.773,1.1629,5346,226,50,6.3464,91,2740,5572
1099,TECHM,Mar 2024,4.61,9,8.99,0.0951,13.8597,1.205,5058,1318,24,6.0474,150,2537,6376
1100,TECHM,Mar 2024,4.61,9,8.99,0.0951,13.8597,1.205,5058,1318,24,6.0474,150,2537,6376
1101,TITAN,Mar 2013,7.16,10,36.8,0,21.8235,1.7204,411,142,8,2.2135,26,0,553
1102,TITAN,Mar 2014,6.73,10,29.13,0.3199,13.3793,1.7881,-826,271,8,2.8348,25,807,-555
1103,TITAN,Mar 2015,6.85,10,26.46,0.0324,15.0617,2.0302,385,118,9,3.4652,25,100,503
1104,TITAN,Mar 2016,5.99,8,19.25,0.0322,24,1.778,417,159,8,3.9404,29,113,576
1105,TITAN,Mar 2017,5.26,9,16.47,0.4446,29.5263,1.5772,759,953,8,4.7562,32,1882,1712
1106,TITAN,Mar 2018,6.84,10,21.65,0.3322,32.3396,1.6931,47,98,13,5.7191,29,1691,-51
1107,TITAN,Mar 2019,7.02,10,22.88,0.3942,40.9811,1.6891,446,797,16,6.8202,32,2393,1243
1108,TITAN,Mar 2020,7.09,12,22.39,0.5341,15.759,1.5543,-113,235,17,7.4933,24,3562,-348
1109,TITAN,Mar 2021,4.5,8,12.99,0.752,9.3842,1.3162,1340,2799,11,8.4236,37,5638,4139
1110,TITAN,Mar 2022,7.63,12,23.63,0.782,16.1514,1.3592,441,1165,24,10.4528,31,7275,-724
1111,TITAN,Mar 2023,8.07,12,27.63,0.7904,17.2933,1.5017,-444,1814,37,13.3157,27,9367,1370
1112,TITAN,Mar 2024,6.84,10,37.22,1.6531,9.412,1.6193,1506,189,39,10.5539,28,15528,1695
1113,TORNTPHARM,Mar 2013,13.58,22,30.59,0.4873,20.5294,0.8535,-94,247,13,3.3857,45,693,153
1114,TORNTPHARM,Mar 2014,15.92,23,34.89,0.5949,16.7627,0.8307,181,418,20,2.2388,25,1132,599
1115,TORNTPHARM,Mar 2015,16.2,22,30.15,1.1,7.4629,0.5928,-1303,2113,22,2.9306,25,2740,810
1116,TORNTPHARM,Mar 2016,25.92,41,49.6,0.6732,15.0272,0.7525,1873,869,51,4.1106,34,2352,2742
1117,TORNTPHARM,Mar 2017,16.06,24,21.47,0.5769,7.767,0.6058,211,798,28,5.1188,25,2510,1009
1118,TORNTPHARM,Mar 2018,11.39,23,14.67,1.3978,5.3506,0.4177,-3783,4677,20,5.4388,35,6462,894
1119,TORNTPHARM,Mar 2019,5.68,26,9.23,1.2779,3.3393,0.5437,1552,246,13,5.5588,66,6038,1798
1120,TORNTPHARM,Mar 2020,12.91,27,21.25,1.199,5.0798,0.5667,1622,229,30,5.6753,53,5784,1393
1121,TORNTPHARM,Mar 2021,15.64,31,21.45,0.8349,7.187,0.5687,1561,444,37,6.8682,47,4874,2005
1122,TORNTPHARM,Mar 2022,9.13,29,13.05,0.6837,8.4039,0.6592,1607,196,23,7.0035,105,4070,1803
1123,TORNTPHARM,Mar 2023,12.94,30,20.09,0.8662,8.6697,0.6585,33,2335,37,3.6675,60,5369,2368
1124,TORNTPHARM,Mar 2024,15.44,31,24.15,0.5866,9.9266,0.7396,3106,160,49,4.0568,57,4022,3266
1125,TRENT,Mar 2013,-1.27,0,-2.19,0.2786,2.1724,0.9651,-245,276,-1,3.7303,-87,343,31
1126,TRENT,Mar 2014,-0.81,0,-1.92,0.335,3.1154,1.2051,-94,48,-1,3.003,-125,332,-46
1127,TRENT,Mar 2015,5.65,4,9.07,0.1878,13.4545,1.0349,-316,306,4,4.3091,26,267,-10
1128,TRENT,Mar 2016,3.26,5,3.76,0.2732,3.6667,0.7816,11,98,2,4.4364,54,400,109
1129,TRENT,Mar 2017,4.69,7,5.49,0.2534,4.6739,0.8155,58,44,3,4.6879,39,392,102
1130,TRENT,Mar 2018,4.03,10,5.45,0.2451,5.3409,0.9234,73,4,3,4.8333,44,391,77
1131,TRENT,Mar 2019,3.61,9,5.77,0.3001,5.3137,1.0277,-16,37,3,4.9879,45,494,21
1132,TRENT,Mar 2020,3.04,15,4.44,0.1256,2.5703,0.633,-448,809,3,6.6333,29,300,361
1133,TRENT,Mar 2021,-6.98,4,-7.83,0.1297,1.1992,0.453,303,18,-4,6.425,-15,300,285
1134,TRENT,Mar 2022,0.78,13,1.48,1.9987,2.2985,0.5822,114,56,3,6.5667,57,4725,58
1135,TRENT,Mar 2023,4.78,14,15.18,1.7196,3.5575,1.0198,492,103,13,7.2111,18,4464,595
1136,TRENT,Mar 2024,11.94,16,36.31,0.4309,8.0435,1.7279,841,508,42,11.3,8,1753,1349
1137,TVSMOTOR,Mar 2013,2.64,6,22.02,1.188,5.5146,2.2212,344,120,4,1.8729,30,1068,464
1138,TVSMOTOR,Mar 2014,2.23,6,16.11,0.627,6.7,2.3084,235,235,4,2.4188,37,728,470
1139,TVSMOTOR,Mar 2015,3.2,6,24.75,0.8445,11.0484,2.2442,-332,415,7,2.7604,28,1119,83
1140,TVSMOTOR,Mar 2016,3.77,7,23.58,0.5998,13.0286,2.2108,331,605,9,3.7896,28,1091,936
1141,TVSMOTOR,Mar 2017,4.08,7,22.96,0.5913,17.2333,2.0338,-20,709,11,4.6188,23,1311,689
1142,TVSMOTOR,Mar 2018,4.07,10,24.83,2.587,4.858,1.2388,-741,1095,14,5.5792,24,6928,354
1143,TVSMOTOR,Mar 2019,3.6,11,22.86,2.9322,3.3002,1.2075,-2022,1104,15,6.6063,24,9298,-918
1144,TVSMOTOR,Mar 2020,3.43,12,19.71,3.5306,2.662,0.9781,-717,1090,13,6.8396,27,11591,373
1145,TVSMOTOR,Mar 2021,3.13,11,15.89,3.1824,2.5743,0.8882,269,882,13,7.9729,28,12179,1151
1146,TVSMOTOR,Mar 2022,3,11,16.61,3.597,2.9255,0.9048,-3046,1471,16,9.1667,24,15827,-1575
1147,TVSMOTOR,Mar 2023,4.09,13,23.78,4.0647,3.0431,0.9129,-5713,1308,28,11.4688,18,22376,-4405
1148,TVSMOTOR,Mar 2024,4.54,14,26.22,3.8334,2.9077,0.9315,-2254,1001,36,14.1333,23,26006,-1253
1149,ULTRACEMCO,Mar 2013,13.1,24,17.65,0.4821,20.4087,0.6935,-744,4362,98,5.558,9,7342,3618
1150,ULTRACEMCO,Mar 2014,10.68,19,12.88,0.4267,12.0693,0.6441,1113,2342,80,6.2708,11,7332,3455
1151,ULTRACEMCO,Mar 2015,9.02,19,11.04,0.5162,8.1346,0.6125,2046,2144,76,6.9493,12,9829,4190
1152,ULTRACEMCO,Mar 2016,9.86,19,11.3,0.4838,9.4788,0.6106,853,3673,90,8.0091,11,10616,4526
1153,ULTRACEMCO,Mar 2017,10.7,21,11.13,0.3474,9.1562,0.6012,2504,2501,99,8.8698,10,8474,5005
1154,ULTRACEMCO,Mar 2018,7.18,20,8.43,0.7384,5.1591,0.5422,5754,1866,81,9.5935,13,19480,3888
1155,ULTRACEMCO,Mar 2019,5.79,18,7.11,0.7507,4.329,0.5418,7121,1165,88,12.2731,13,25337,5956
1156,ULTRACEMCO,Mar 2020,13.55,22,14.73,0.5896,4.9684,0.5356,4780,4192,199,13.51,7,23019,8972
1157,ULTRACEMCO,Mar 2021,12.21,26,12.36,0.4917,8.2012,0.519,3644,8856,189,15.2855,20,21719,12500
1158,ULTRACEMCO,Mar 2022,13.94,22,14.54,0.224,12.8921,0.6276,11540,2257,254,17.4519,15,11299,9283
1159,ULTRACEMCO,Mar 2023,8.02,17,9.34,0.2036,13.52,0.6921,1881,7188,175,18.7976,22,11058,9069
1160,ULTRACEMCO,Mar 2024,9.88,18,11.63,0.1893,13.9835,0.7035,2109,8789,243,20.8401,29,11403,10898
1161,UNIONBANK,Mar 2013,8.53,1,12.39,16.6054,0.1817,0.0804,-4588,343,36,2.901,22,287589,-4245
1162,UNIONBANK,Mar 2014,5.74,-3,9.05,17.5528,0.1043,0.0828,2207,363,27,2.9578,15,327078,2570
1163,UNIONBANK,Mar 2015,5.51,-3,8.9,17.7204,0.1262,0.0839,-3885,318,28,3.1288,22,352618,-3567
1164,UNIONBANK,Mar 2016,4.17,-6,5.84,16.2597,0.084,0.0793,72,9,20,3.3549,10,374754,81
1165,UNIONBANK,Mar 2017,1.75,-15,2.38,17.3669,0.0252,0.072,-6904,280,8,3.507,0,418420,-6624
1166,UNIONBANK,Mar 2018,-15.82,-36,-20.64,18.0567,-0.2658,0.0671,5782,315,-45,2.1601,0,455969,6097
1167,UNIONBANK,Mar 2019,-8.52,-25,-10.89,17.1702,-0.1489,0.0688,-8075,297,-17,1.5222,0,460780,-7778
1168,UNIONBANK,Mar 2020,-8.33,-25,-9.18,14.8617,-0.1445,0.0675,-81,4,-9,0.993,0,505150,-77
1169,UNIONBANK,Mar 2021,4.13,-16,4.42,15.1005,0.0734,0.064,19926,601,4,1.0104,0,977576,20527
1170,UNIONBANK,Mar 2022,7.72,-6,7.43,15.3203,0.2317,0.0572,35781,558,8,1.0367,25,1085613,36339
1171,UNIONBANK,Mar 2023,10.49,-4,10.8,14.7589,0.2684,0.063,3495,2561,12,1.1529,24,1163059,6056
1172,UNIONBANK,Mar 2024,13.75,5,14.14,12.8237,0.3536,0.0716,18536,1394,18,1.2785,20,1251568,19930
1173,INDIGO,Mar 2013,8.55,855,17886.36,2.5,28.2331,353.9615,-149,1890,25647,1.1,70,11,1741
1174,INDIGO,Mar 2014,4.26,433,10772.73,3.1818,27.335,317.6286,-1319,2914,15454,1.1,80,14,1595
1175,INDIGO,Mar 2015,9.36,1904,4939.39,0.1515,30.4709,228.2787,1444,940,42481,6.6,83,4,2384
1176,INDIGO,Mar 2016,12.3,3164,1534.78,0.0618,25.235,82.3469,1779,1337,55,32.35,27,8,3116
1177,INDIGO,Mar 2017,8.93,2219,1692.86,0.5306,20.7529,75.5285,749,3033,46,0.3379,74,52,3782
1178,INDIGO,Mar 2018,9.74,3030,2242,0.54,21.1235,82.5125,-249,4152,58,0.3448,10,54,3903
1179,INDIGO,Mar 2019,0.55,-151,120.93,0.6822,21.6204,76.3995,634,2526,4,0.4448,123,88,3160
1180,INDIGO,Mar 2020,-0.69,4069,-138.55,0.419,20.7041,84.7299,2370,4573,-6,0.6172,0,75,6943
1181,INDIGO,Mar 2021,-42.15,2,-1094.15,0.016,14.1293,18.053,1608,3228,-151,1.175,0,9,-1620
1182,INDIGO,Mar 2022,-1.22,558,-48.77,0.0185,35,28.1859,3591,1527,-160,1.3542,0,12,2064
1183,INDIGO,Mar 2023,-0.58,6521,-40.8,0.0154,33.4997,51.2674,8664,4039,-8,1.6187,0,12,12703
1184,INDIGO,Mar 2024,11.85,16331,892.57,0.0186,22.6126,56.3863,9424,11759,212,1.9062,0,17,21183